Date,Open,High,Low,Close
2020-01-02,71.34404690340438,72.39407791515757,71.09117632272992,72.33386993408203
2020-01-03,71.56319785492231,72.3892495107853,71.40665858931894,71.63063049316406
2020-01-06,70.75402846338375,72.23995764322866,70.5035611498287,72.20142364501953
2020-01-07,72.21103349810856,72.46631471524569,71.64267376172208,71.86183166503906
2020-01-08,71.56562119935828,73.31887745373415,71.56562119935828,73.01783752441406
2020-01-09,73.99320996049889,74.76146451044018,73.74275001069596,74.56880187988281
2020-01-10,74.8024026801614,75.30092656417412,74.23644614635045,74.73737335205078
2020-01-13,75.05287832688332,76.36059415429726,74.93486566437117,76.33409881591797
2020-01-14,76.27147084582813,76.48099343710987,75.18050255877637,75.3033218383789
2020-01-15,75.10343270524221,75.98246770801262,74.54951490172726,74.98060607910156
2020-01-16,75.52248959606675,76.03064882750155,75.1612416745226,75.91986083984375
2020-01-17,76.16790133072386,76.76275640961391,75.86204746774389,76.7603530883789
2020-01-21,76.38948797518701,76.8302072165908,76.10289736234121,76.24017333984375
2020-01-22,76.72423213565071,77.06380603496487,76.4183782339569,76.5123062133789
2020-01-23,76.56530902285643,76.96026966222608,76.01861570517516,76.88079833984375
2020-01-24,77.1264324079885,77.86819158420508,76.46895853504518,76.65921783447266
2020-01-27,74.67237218746828,75.08419286532549,73.4248641436704,74.4050521850586
2020-01-28,75.28405419350632,76.68087628820244,75.18531223152581,76.5098876953125
2020-01-29,78.13791500924663,78.95674202148273,77.39855929233421,78.11141967773438
2020-01-30,77.19626294921763,78.05121329496869,76.76517176985938,77.99822998046875
2020-01-31,77.29017484753824,77.71163064497078,74.24606365244907,74.53987884521484
2020-02-03,73.28515870612867,75.4984048922783,72.78423148900761,74.33518981933594
2020-02-04,75.93672133535755,76.97952779146334,75.53212542449515,76.78926849365234
2020-02-05,77.91395235806485,78.21258898353346,76.81335589638837,77.41543579101562
2020-02-06,77.68515330009288,78.32335641079244,77.12883215929374,78.3209457397461
2020-02-07,77.82123854389138,78.06988383321008,76.76630651671353,77.25635528564453
2020-02-10,75.84413352382079,77.62327575683594,75.76447362748293,77.62327575683594
2020-02-11,78.11818095050265,78.19059906005786,76.9377141953968,77.15497589111328
2020-02-12,77.60399867366895,78.99206907115294,77.60399867366895,78.98724365234375
2020-02-13,78.26059867524006,78.75064746940821,78.05782062596876,78.42475128173828
2020-02-14,78.39338411922328,78.69272952184373,77.93713525426901,78.44408416748047
2020-02-18,76.12901616267288,77.18878123005356,75.94796350927948,77.00772857666016
2020-02-19,77.24912158938099,78.35233737517142,77.24912158938099,78.12300109863281
2020-02-20,77.88403050271104,78.37166303401608,76.81702354297988,77.3215560913086
2020-02-21,76.91597690115918,77.35774940247184,74.95578178960817,75.57135772705078
2020-02-24,71.75960997813098,73.43011814732492,69.8211400810818,71.98169708251953
2020-02-25,72.65038734565039,73.03180163978591,69.07278565467855,69.54351806640625
2020-02-26,69.16934036398257,71.90927139616765,69.16209855410392,70.646728515625
2020-02-27,67.85852144500781,69.04139705399142,65.8934935311334,66.02867889404297
2020-02-28,62.10344680376039,67.20912771408462,61.88859422164255,65.99003601074219
2020-03-02,68.14337454443714,72.76866613954134,67.04257525684778,72.13377380371094
2020-03-03,73.30698279429184,73.38664268465233,68.99309731394933,69.84284210205078
2020-03-04,71.56165746891385,73.24182384454771,70.76261243598904,73.0824966430664
2020-03-05,71.33955724756618,72.31241302487865,70.34739243241086,70.7119140625
2020-03-06,68.07577636210152,70.20495666747604,67.88989834828591,69.77284240722656
2020-03-09,63.670179502443226,67.1319051551366,63.48912685930832,64.25437927246094
2020-03-10,66.90257561810807,69.14762542571471,65.0268655374001,68.882080078125
2020-03-11,66.96292517997638,67.88749740945617,65.62795665733853,66.4897689819336
2020-03-12,61.784814276675704,65.17894700154001,59.86806983845157,59.92359161376953
2020-03-13,63.94538830639056,67.5736832780311,61.06302571813862,67.10294342041016
2020-03-16,58.40757727472599,62.5428168089279,57.93684117686896,58.47034454345703
2020-03-17,59.74978379495811,62.187957132183904,57.55059758461941,61.04129409790039
2020-03-18,57.88132191691277,60.350878847985236,57.24160039100893,59.54700469970703
2020-03-19,59.720822675289355,61.036471254980725,58.56691402825116,59.09075927734375
2020-03-20,59.67011594836406,60.79264444451166,55.03999854094989,55.33934020996094
2020-03-23,55.05930867623348,55.160697700443244,51.32479637531141,54.163700103759766
2020-03-24,57.05813231967632,59.79323446043245,56.56084169108887,59.59769821166992
2020-03-25,60.53192552123785,62.34245170831376,58.97487373705756,59.269386291503906
2020-03-26,59.51079529315195,62.44625922344338,59.472169846872056,62.38832473754883
2020-03-27,61.01473571142301,61.767913466106,59.638736473627105,59.80530548095703
2020-03-30,60.529509863529455,61.683418202528024,60.206026401052306,61.512020111083984
2020-03-31,61.702735358357586,63.366001623216455,60.83368129501873,61.38649368286133
2020-04-01,59.50596168562525,60.041877740721404,57.726819101176545,58.156517028808594
2020-04-02,58.018908282578614,59.18005836764035,57.18847976805371,59.126949310302734
2020-04-03,58.61277240805976,59.31284110700112,57.68819653151743,58.2772216796875
2020-04-06,60.568138982385115,63.51567376682207,60.201208300554335,63.36117935180664
2020-04-07,65.37205652922795,65.5893255452028,62.52349853876049,62.62730026245117
2020-04-08,63.42638457851471,64.54408451462152,63.061870122962034,64.23026275634766
2020-04-09,64.86511973614601,65.19584133375365,63.899505790640596,64.69371795654297
2020-04-13,64.77096719479518,66.07213548949194,64.17228391165321,65.9635009765625
2020-04-14,67.59296193706734,69.58454027985593,67.12222229104349,69.29485321044922
2020-04-15,68.17235045630129,69.12106449233013,67.7450688913163,68.66239929199219
2020-04-16,69.37454631683273,69.57249897577765,68.16028687860133,69.20797729492188
2020-04-17,68.72515410233876,69.27072829912615,66.83496081662895,68.2688980102539
2020-04-20,67.09811926901436,67.99854979022932,66.83257389218826,66.85188293457031
2020-04-21,66.69496415132106,66.92912586019385,64.07573448825138,64.78546142578125
2020-04-22,66.05041238241853,67.0860355273564,65.71003990834832,66.6515121459961
2020-04-23,66.59597413685326,68.01542772017612,66.35457066668404,66.39319610595703
2020-04-24,66.91705617630512,68.31960998543786,66.86877252729914,68.30995178222656
2020-04-27,68.02750161594408,68.68895219864656,67.58091104598891,68.35823059082031
2020-04-28,68.81930583953189,69.00035846269303,67.15845596472252,67.25018310546875
2020-04-29,68.73482721743544,69.92736120107678,68.53204914375017,69.45903778076172
2020-04-30,69.99737340670072,71.1005894315717,69.6087172156617,70.92436218261719
2020-05-01,69.10174168301795,72.17963585405194,69.00518177066984,69.78250122070312
2020-05-04,69.80665406694762,70.89779524622708,69.11865261133845,70.76985168457031
2020-05-05,71.2285300116976,72.66246767070962,71.08368641004002,71.83203887939453
2020-05-06,72.53210878963873,73.20321036598678,72.14827802802382,72.57315063476562
2020-05-07,73.19837876119128,73.66911859215423,72.89662434827942,73.32390594482422
2020-05-08,73.9823190597041,75.12240567761269,73.65554057031774,75.06915283203125
2020-05-11,74.57775171164975,76.74415709638575,74.36957888241814,76.2503662109375
2020-05-12,76.93297679324957,77.3832066763356,75.25794640867731,75.37897491455078
2020-05-13,75.55809815483286,76.47791927324582,73.39410778103768,74.46884155273438
2020-05-14,73.7087840752181,74.98684482021679,72.98745151047878,74.92633056640625
2020-05-15,72.70180935336562,74.52933644505968,72.66791783323735,74.48334503173828
2020-05-18,75.80498172029709,76.611028150083,75.11511790410643,76.2382583618164
2020-05-19,76.25520568719914,77.09998213452099,75.76625327530091,75.79772186279297
2020-05-20,76.65461600601195,77.34205706251838,76.61588599602642,77.27186584472656
2020-05-21,77.13389289033314,77.67368271832201,76.45855171857032,76.69577026367188
2020-05-22,76.43432834001963,77.27185079219365,76.33266854723075,77.1895523071289
2020-05-26,78.30543299444078,78.48455279572174,76.61103413521022,76.66670989990234
2020-05-27,76.52389490649263,77.1459757123096,75.7856167074525,77.00074005126953
2020-05-28,76.67638285095582,78.29090607267398,76.4004417495467,77.03462982177734
2020-05-29,77.27668877080987,77.73659554294788,76.60377068012559,76.9595947265625
2020-06-01,76.91357873734127,78.02704193682199,76.78286594508734,77.90601348876953
2020-06-02,77.63977407114822,78.29090791932163,77.19922860751555,78.2667007446289
2020-06-03,78.58621903033732,78.95898884323296,78.01496072344597,78.69756317138672
2020-06-04,78.52087329742372,78.81859867793425,77.64704369151033,78.01981353759766
2020-06-05,78.26911957554665,80.30239656428226,78.24007392223491,80.24188232421875
2020-06-08,79.93932296340279,80.75021537775042,79.23009773769596,80.71632385253906
2020-06-09,80.39679094356325,83.65729064511632,80.36532236126617,83.2651596069336
2020-06-10,84.21162466782144,85.87455499385788,83.77350211039672,85.40738677978516
2020-06-11,84.55291522831224,84.97651490391192,81.20527075656385,81.30693054199219
2020-06-12,83.44187634114364,84.18740853476542,80.90027823694467,82.00889587402344
2020-06-15,80.665491974399,83.67425858934295,80.50331054070764,83.02312469482422
2020-06-16,85.07332981023045,85.49451390772815,83.44186840333514,85.22340393066406
2020-06-17,85.96655799893887,86.02707226014986,84.98380698783191,85.1048355102539
2020-06-18,85.06125763268233,85.55505601805591,84.53115217198582,85.13871765136719
2020-06-19,85.84309961565448,86.3078449275457,83.54597361995395,84.65217590332031
2020-06-22,85.04428539322777,87.00978658675993,84.99829398313842,86.86697387695312
2020-06-23,88.1087417587427,90.13718045697547,87.68998051908838,88.72114562988281
2020-06-24,88.35080675031271,89.26820486684538,86.78227469992099,87.15504455566406
2020-06-25,87.3099530977363,88.35079512662277,86.55231359048508,88.31206512451172
2020-06-26,88.20798383985682,88.42825657527817,85.45095132716905,85.5986099243164
2020-06-29,85.5066347136651,87.66578639039905,85.02978213117639,87.57138061523438
2020-06-30,87.1598666501381,88.58800861953088,87.1405053436716,88.30237579345703
2020-07-01,88.37984062385425,88.92204587845694,88.08695375546539,88.13536071777344
2020-07-02,89.04065881814572,89.67484690422407,88.02160103220285,88.13536071777344
2020-07-06,89.56107543992535,90.96016437699369,89.5296068531223,90.49299621582031
2020-07-07,90.87061453958542,91.6476154008952,90.10087509241899,90.21221923828125
2020-07-08,91.18770707353977,92.34473915860562,91.10056271828748,92.31327056884766
2020-07-09,93.20402645939578,93.25727928434208,91.66454778966232,92.71023559570312
2020-07-10,92.30600122922262,92.93051232943125,91.69602034280251,92.8724136352539
2020-07-13,94.17468319640058,96.77921853086478,92.23096604261153,92.44397735595703
2020-07-14,91.82674120591236,94.16501274371473,90.89482765300735,93.97379302978516
2020-07-15,95.84487913129125,96.09419752364778,93.42430934647335,94.62007141113281
2020-07-16,93.49449476804814,94.31022548870118,92.8578838224014,93.45576477050781
2020-07-17,93.90600938284572,94.06092201052024,92.79496133182224,93.26697540283203
2020-07-20,93.35414058744878,95.37047245273277,93.01041634508266,95.23249816894531
2020-07-21,96.02157397759412,96.09661104261261,93.6687800817764,93.91809844970703
2020-07-22,93.62037185613211,94.86212529718233,93.53323489247579,94.18194580078125
2020-07-23,93.91569738113668,93.99315739757402,89.08666444146189,89.89513397216797
2020-07-24,88.0966534330444,90.01616378626149,86.31268703007238,89.67243957519531
2020-07-27,90.73264959796012,91.88968182119616,90.50996128337569,91.79769897460938
2020-07-28,91.3692217088441,91.54592591167876,90.28480409752633,90.2896499633789
2020-07-29,90.77134821611126,92.20432848355908,90.73504115422307,92.0203628540039
2020-07-30,91.19496376791191,93.23792519284922,90.78830982976133,93.13384246826172
2020-07-31,99.61613418906329,103.03397765297315,97.62157959922047,102.88390350341797
2020-08-03,104.76226254133908,108.09054616095987,104.4645371706777,105.47633361816406
2020-08-04,105.6651349105181,107.26997389606046,104.94380243901392,106.18071746826172
2020-08-05,105.90237127948915,106.88512220917495,105.43761854161589,106.56560516357422
2020-08-06,106.89721697372634,110.7773905993439,106.30902020460445,110.2835922241211
2020-08-07,109.80588355038324,110.26177241107233,106.98083639595373,107.77621459960938
2020-08-10,109.21903076531765,110.35875275642206,106.69710077257369,109.34270477294922
2020-08-11,108.60794885006547,109.10505737675727,105.83139636601508,106.09086608886719
2020-08-12,107.17967383850515,109.8737798216829,106.98568204543375,109.61673736572266
2020-08-13,110.99406946976315,112.55815472074357,110.50665541102485,111.55665588378906
2020-08-14,111.38205726105852,111.54695097773372,109.65065103503774,111.45722961425781
2020-08-17,112.57755783182,112.60180865121056,110.54061480830164,111.16624450683594
2020-08-18,110.91890789561272,112.51693852673742,110.58426581680665,112.09257507324219
2020-08-19,112.49995190044544,113.64452094897047,112.13863913268811,112.23320770263672
2020-08-20,112.27445537799255,114.837612647254,112.25747906222769,114.72364044189453
2020-08-21,115.6814669811538,121.11817195845913,115.66934527196243,120.63561248779297
2020-08-24,124.83317459173283,124.91805616382935,120.21610549023623,122.07845306396484
2020-08-25,120.95326822987052,121.42127865068156,119.35765773569334,121.07693481445312
2020-08-26,122.39126546065715,123.17936898693925,121.32671591454528,122.72348022460938
2020-08-27,123.32487721481381,123.65709200762272,120.11425938434616,121.25640869140625
2020-08-28,122.22877945314914,122.6458683430527,120.83686988582103,121.05996704101562
2020-08-31,123.74924435405829,127.06655257654671,122.21668415759454,125.16539764404297
2020-09-01,128.77367095981276,130.75242510254097,126.61063429258002,130.15103149414062
2020-09-02,133.45870787847127,133.83699711461642,123.18668763492242,127.4545669555664
2020-09-03,123.09936731503697,124.97140947448622,116.88183227033254,117.25041961669922
2020-09-04,116.46474975837279,119.98575186395645,107.56039029271544,117.3280258178711
2020-09-08,110.52849400857393,115.41716207276087,109.29663073421304,109.43242645263672
2020-09-09,113.73912907477926,115.56267714207601,111.79918148817357,113.79732513427734
2020-09-10,116.74602745349068,116.88182317054356,109.12203408038299,110.08230590820312
2020-09-11,111.12986314395623,111.77004920348398,106.69708456311906,108.63703155517578
2020-09-14,111.27538137934282,112.44904864015743,109.41303369608222,111.89616394042969
2020-09-15,114.77699796976391,115.26198485471991,110.19872059172918,112.07077026367188
2020-09-16,111.77006975767836,112.51694623083202,108.6758513682307,108.76314544677734
2020-09-17,106.42552224944927,108.83105303274593,105.44584667867372,107.02690124511719
2020-09-18,107.08509211161683,107.5506753180143,102.9045006607274,103.6319808959961
2020-09-21,101.40103443810513,106.88138640178967,100.00427017683465,106.77468872070312
2020-09-22,109.29663858587081,109.47123415071694,105.88233436259476,108.4527587890625
2020-09-23,108.2684849723151,108.74377009186884,103.56410582867457,103.90360260009766
2020-09-24,102.01212791770884,106.93959588038079,101.84723417179123,104.97055053710938
2020-09-25,105.17424837255975,109.06384497371614,104.4370662899755,108.90864562988281
2020-09-28,111.55668035738763,111.85736984450415,109.39363569114487,111.5081787109375
2020-09-29,111.11050109828263,111.84767585373268,110.15992352372166,110.664306640625
2020-09-30,110.3733131547286,113.7391232285353,110.20841939441779,112.33265686035156
2020-10-01,114.10769446919807,114.18529413378772,112.35204460964711,113.28321838378906
2020-10-02,109.50031753591523,111.90585528542881,108.85043700934379,109.62641143798828
2020-10-05,110.4896945754234,113.14742012517607,110.1405034929378,113.00192260742188
2020-10-06,112.22594105943094,112.63333559022071,108.87953514429641,109.76221466064453
2020-10-07,111.1783781507114,112.08045390652613,110.70308575226879,111.62456512451172
2020-10-08,112.7594330889432,112.90493061170089,111.1492733309645,111.51786804199219
2020-10-09,111.81856678833006,113.48692273393875,111.46937566481606,113.45782470703125
2020-10-12,116.45502931013961,121.42129686008033,115.69845107798898,120.66471862792969
2020-10-13,121.50859444916024,121.62499394990238,116.05734733652297,117.46380615234375
2020-10-14,117.36680433445795,119.33584953717633,116.02824344500344,117.55110168457031
2020-10-15,115.15526489684527,117.56079523723751,114.60238025084043,117.08551025390625
2020-10-16,117.63840880188037,117.90030584427576,115.24257258596,115.4462661743164
2020-10-19,116.35804207693808,116.80422908289772,112.1871596819352,112.49755096435547
2020-10-20,112.71091992910422,115.40745252774086,112.15803531937775,113.9815902709961
2020-10-21,113.16682541230045,115.14557257156684,112.9534300225298,113.36082458496094
2020-10-22,113.92340448698165,114.49569279996962,111.14927920105526,112.27445220947266
2020-10-23,112.89524032049677,113.05043966735408,110.84859518576691,111.58577728271484
2020-10-26,110.58667805207448,113.0504115687335,109.49060328818192,111.59545135498047
2020-10-27,112.02225141814819,113.75850508779021,111.10077943831497,113.09892272949219
2020-10-28,111.59547326085323,111.96406058991157,107.76407283902445,107.86106872558594
2020-10-29,108.99595640558233,113.41903447764516,108.83105523861934,111.85737609863281
2020-10-30,107.72527832227131,108.6273541724171,104.4855696692542,105.59133911132812
2020-11-02,105.8338155489353,107.35667373960923,104.09756199136386,105.50402069091797
2020-11-03,106.36731546450528,108.14236164402186,105.46523966166725,107.12389373779297
2020-11-04,110.71279779031768,112.119256698551,108.97654397513469,111.49847412109375
2020-11-05,114.40838224963099,116.02824377297978,113.3608163942021,115.4559555053711
2020-11-06,114.96528648231298,115.82033327578648,112.83737692583377,115.32479858398438
2020-11-09,117.08348090470506,118.53123307425452,112.75965407719045,113.0219955444336
2020-11-10,112.27383288243148,114.25598657554706,110.8940882741732,112.68192291259766
2020-11-11,113.86732789743012,116.23814181960135,113.13859256042241,116.10211181640625
2020-11-12,116.22841881317535,117.1126137436234,115.20818648034917,115.83003997802734
2020-11-13,116.05352836084144,116.27700303551688,114.52804275815001,115.87863159179688
2020-11-16,115.54826720324448,117.55957633149036,114.80010222486767,116.88914489746094
2020-11-17,116.16042621738232,117.2486663416219,115.58715051215194,116.00495910644531
2020-11-18,115.24705927558566,116.42275133775613,114.65435397133162,114.68350219726562
2020-11-19,114.25596702688232,115.68428930116418,113.4980835539356,115.27619934082031
2020-11-20,115.27621337018954,115.40252482669361,113.96449124482857,114.01306915283203
2020-11-23,113.85759556092404,114.28512261237464,110.52484606012634,110.62200927734375
2020-11-24,110.68030932430327,112.56529939521855,109.39772821414678,111.90457916259766
2020-11-25,112.27381743371453,113.43979090606146,111.90458681744444,112.74020385742188
2020-11-27,113.26489496698315,114.15880846315034,112.92481998616722,113.2843246459961
2020-11-30,113.65355580646789,117.54014397849063,113.49808872130923,115.6745834350586
2020-12-01,117.57900876605405,119.96925956195165,116.60736173944143,119.24052429199219
2020-12-02,118.56041127445974,119.87214118151788,117.46245239239107,119.59036254882812
2020-12-03,120.0178419599632,120.27047227200518,118.74498667961886,119.45429229736328
2020-12-04,119.12391895649799,119.37654924842553,118.07453843287111,118.78384399414062
2020-12-07,118.84214367939516,121.03806800243322,118.78384723085345,120.24131774902344
2020-12-08,120.84375108576852,121.43645640289948,119.6000365852931,120.85346221923828
2020-12-09,120.99920839659741,122.37894545635208,117.5692954268489,118.32717895507812
2020-12-10,117.0834850101648,120.35793867044406,116.74340998030307,119.74579620361328
2020-12-11,118.95874547462877,119.2793907717679,117.13205173775964,118.93931579589844
2020-12-14,119.12392925566253,119.85266455789507,118.09398573402578,118.32717895507812
2020-12-15,120.81458769248664,124.27365614702585,120.610542706532,124.25421905517578
2020-12-16,123.79756533721344,124.73033828648967,122.97165933994127,124.18621826171875
2020-12-17,125.24530607028412,125.90603381216341,124.40968896582861,125.05097961425781
2020-12-18,125.30363159052206,125.43966160781517,122.5441496402621,123.06884002685547
2020-12-21,121.47530568083864,124.67202522679207,119.94982017477122,124.59429168701172
2020-12-22,127.87848972538272,130.5991048748753,125.97405467288996,128.14083862304688
2020-12-23,128.41290674198933,128.6752408300138,127.07202876522139,127.24693298339844
2020-12-24,127.59669160383469,129.67601559807733,127.38292807699283,128.22825622558594
2020-12-28,130.19099379190865,133.44600251933943,129.72459253226933,132.81443786621094
2020-12-29,134.13589678161503,134.8549062093824,130.53107920371312,131.04605102539062
2020-12-30,131.73592955161843,132.13430846309575,129.61773093964035,129.9286651611328
2020-12-31,130.27846074381847,130.91975146585497,127.9853727167279,128.92787170410156
2021-01-04,129.73431458165692,129.8217592553949,123.16597863459702,125.7408447265625
2021-01-05,125.23557674034254,128.00477652137644,124.78861261288198,127.29546356201172
2021-01-06,124.09876065496377,127.3343470647896,122.79674977159817,123.01051330566406
2021-01-07,124.72060913109178,127.89789896268525,124.2347856325796,127.20802307128906
2021-01-08,128.67521556411702,128.86955684085643,126.53759495540402,128.30599975585938
2021-01-11,125.52709624591981,126.47930629071162,124.85665734789745,125.32304382324219
2021-01-12,124.85665810373773,126.01292057820679,123.26315737935117,125.14815521240234
2021-01-13,125.10928088256377,127.72301407124303,124.84694682860504,127.17889404296875
2021-01-14,127.09143240514113,127.2857588427231,125.10926419379747,125.25502014160156
2021-01-15,125.1287025525268,126.52787663913662,123.39917203606663,123.53520202636719
2021-01-19,124.15705738304294,125.06069683837403,123.340877429049,124.20564270019531
2021-01-20,125.0121142129877,128.73352422939956,124.90523244341398,128.28656005859375
2021-01-21,130.0064001294405,135.7099645282226,129.80234769109845,132.98934936523438
2021-01-22,132.41604973812463,135.88483658611096,131.19177987621222,135.126953125
2021-01-25,139.013584357772,140.97630120112478,132.66871393860882,138.86782836914062
2021-01-26,139.52849439587914,140.20864422957436,137.3617112330404,139.10096740722656
2021-01-27,139.36330171958025,140.208644567784,136.42893888339475,138.0321502685547
2021-01-28,135.56425118143247,137.96422147707514,132.82419836085404,133.20314025878906
2021-01-29,131.9788209864335,132.86302336292994,126.51816929301403,128.2185516357422
2021-02-01,129.9577892114423,131.54157860190338,127.21773749244758,130.33673095703125
2021-02-02,131.8816374338767,132.44519444855226,130.7933975854858,131.16262817382812
2021-02-03,131.91078476116337,131.92051071941538,129.82174974648763,130.14239501953125
2021-02-04,132.435536852372,133.5043400423377,130.7740133593302,133.49462890625
2021-02-05,133.65514858435046,133.72325779067754,132.20522578325316,133.0810089111328
2021-02-08,132.37067302189544,133.27566293088242,131.29053239728702,133.2270050048828
2021-02-09,132.94481795724369,134.17093254443628,132.1955422076444,132.35122680664062
2021-02-10,132.80858418639744,133.30487431692404,130.78453592339073,131.74790954589844
2021-02-11,132.24414858851415,132.72097244544923,130.17145780866096,131.494873046875
2021-02-12,130.7358433658653,131.88409294253404,130.09359452723146,131.7283935546875
2021-02-16,131.84523285703966,132.35123381512605,129.21785280153554,129.6071014404297
2021-02-17,127.71922556162117,128.66313264506522,125.98711077615506,127.32025146484375
2021-02-18,125.7243978338029,126.50288006540657,123.98255701846796,126.22068786621094
2021-02-19,126.73641474669597,127.1937724488316,125.33514985915805,126.37635803222656
2021-02-22,124.56640502266376,126.23041094448011,122.22124015432108,122.61048126220703
2021-02-23,120.43072920624994,123.30136816472337,115.20518512538801,122.47423553466797
2021-02-24,121.57898434363891,122.18230093698557,118.94188709836797,121.97795104980469
2021-02-25,121.32597453863157,123.05808944115938,117.29734557401017,117.73523712158203
2021-02-26,119.29220956982277,121.49141551253575,117.93960247752109,117.99799346923828
2021-03-01,120.42100448300808,124.48855870917815,119.48683030882653,124.35232543945312
2021-03-02,124.95563918354922,125.2572974809927,121.64710128326877,121.75414276123047
2021-03-03,121.45248872789318,122.32827934815643,118.56238339310273,118.7764663696289
2021-03-04,118.47480719948628,120.27503892466773,115.42900990064756,116.89838409423828
2021-03-05,117.72552798386944,118.65970219404976,114.40725661331615,118.1536865234375
2021-03-08,117.67686731260757,117.74498394850409,113.08383865170997,113.22980499267578
2021-03-09,115.82796105806665,118.7764495417566,115.59441940046939,117.8325424194336
2021-03-10,118.41643235397203,118.88351576641335,116.23668501538924,116.75243377685547
2021-03-11,119.24356031125248,119.89553490297892,117.99799469596714,118.67916107177734
2021-03-12,117.16113540841165,117.91041846338683,115.95449457965704,117.77418518066406
2021-03-15,118.14395127784391,120.66427408423421,117.18057793774676,120.654541015625
2021-03-16,122.31855495993447,123.79766976227535,121.36492199120141,122.19205474853516
2021-03-17,120.71295485121438,122.47426197089396,119.04894873941929,121.40385437011719
2021-03-18,119.5744250296585,119.86635775445424,117.0832934949232,117.28764343261719
2021-03-19,116.67457827406234,118.16341864155612,116.46049529392347,116.76215362548828
2021-03-22,117.09299830303091,120.53776947303844,117.02488167357409,120.0706787109375
2021-03-23,120.01230226774646,120.89781850320577,118.85431207414345,119.2435531616211
2021-03-24,119.51601473844956,119.59386443754735,116.83999258124882,116.85945129394531
2021-03-25,116.32425121223295,118.3872236915313,115.7987768800299,117.34600067138672
2021-03-26,117.11246742653448,118.21207408800578,115.72093550893463,117.94933319091797
2021-03-29,118.37747371600936,119.28245592152464,117.48222457752142,118.12446594238281
2021-03-30,116.87891042664381,117.16111000084517,115.66253679171842,116.674560546875
2021-03-31,118.3774946900482,120.19718506636265,117.89094519064328,118.86404418945312
2021-04-01,120.33343394406754,120.8394421912494,119.19490239563412,119.6911849975586
2021-04-05,120.53777100210417,122.76616851425374,119.75928886344587,122.5131607055664
2021-04-06,123.09701892635115,123.71006860087718,122.26988629191437,122.8148193359375
2021-04-07,122.44505868103397,124.47883218903853,121.77361794195266,124.4593734741211
2021-04-08,125.48112948683244,126.88239460577601,125.06270398931379,126.85320281982422
2021-04-09,126.3082511367721,129.4610823431084,125.987126690143,129.4221649169922
2021-04-12,128.95509167174853,129.2762161435529,127.11593504109703,127.70952606201172
2021-04-13,128.8772176641677,131.0374983592836,128.3809277339075,130.8136749267578
2021-04-14,131.3099622056929,131.36834576141277,128.11819914098413,128.47824096679688
2021-04-15,130.22013564136392,131.36838551347583,130.04497007288896,130.8818359375
2021-04-16,130.6871976204425,131.04723949609195,129.69463249088383,130.55096435546875
2021-04-19,129.91845343765638,131.82573417670255,129.75302837507442,131.21267700195312
2021-04-20,131.38784340823202,131.88411859918818,128.2641887932471,129.5292205810547
2021-04-21,128.79937448295544,130.15198139662152,127.76789199677557,129.90870666503906
2021-04-22,129.46108603950333,130.54122653689166,127.8749447465964,128.39068603515625
2021-04-23,128.60475261832673,131.4851170121257,128.60475261832673,130.70664978027344
2021-04-26,131.20295824690538,131.42676689058607,129.9671181870508,131.09591674804688
2021-04-27,131.37809693084532,131.76734545845767,130.5023137282654,130.7747802734375
2021-04-28,130.69691506905932,131.38782184344353,129.50000754125335,129.98655700683594
2021-04-29,132.79880749394718,133.38267277073504,128.88694577541443,129.8892364501953
2021-04-30,128.23500614148355,129.96712145874997,127.5441140528076,127.92362213134766
2021-05-03,128.48798358801744,130.46338819019584,128.28364111599663,128.9745330810547
2021-05-04,127.66086791309522,127.95280060042849,123.29164779323206,124.41071319580078
2021-05-05,125.72438402846821,126.9407577416854,124.5274764521898,124.65398406982422
2021-05-06,124.44960863924587,126.25957305500727,123.71005145048785,126.24984741210938
2021-05-07,127.54629547170842,127.94593245749884,126.2108752190309,126.92245483398438
2021-05-10,126.14263998590019,126.26934761190338,123.6082792363769,123.64727020263672
2021-05-11,120.381847398056,123.08190661407825,119.67027531129933,122.73100280761719
2021-05-12,120.28438654552215,121.4930768252382,119.16342036759427,119.6702880859375
2021-05-13,121.43459801116457,122.96495825371117,121.12267768901388,121.81475067138672
2021-05-14,123.06241748790161,124.66100988052594,122.67251527187383,124.23211669921875
2021-05-17,123.61804098125864,123.72526428981506,122.00969878967952,123.08192443847656
2021-05-18,123.36459396598383,123.78373756646234,121.62953683178752,121.69776916503906
2021-05-19,120.050447495282,121.76600548369002,119.75801895076617,121.54181671142578
2021-05-20,122.06819413421118,124.49532449020155,121.94147161685788,124.09567260742188
2021-05-21,124.59280216593018,124.76825782596866,122.04869881375613,122.26314544677734
2021-05-24,122.82846960103217,124.70974076836363,122.76023727627985,123.89094543457031
2021-05-25,124.59276897491179,125.0801522889752,123.13064134301871,123.69599914550781
2021-05-26,123.75449350065962,124.17363709199465,123.22812661130169,123.64727020263672
2021-05-27,123.2476516785167,124.41735116472775,121.92198829453461,122.11693572998047
2021-05-28,122.3995899273286,122.6237861257757,121.40534630909178,121.46382904052734
2021-06-01,121.922001354121,122.18518116384,120.81078449216292,121.14219665527344
2021-06-02,121.14216055572481,122.07792145343016,120.9179717914318,121.9024658203125
2021-06-03,121.5320538514475,121.69775987143738,120.02118559755706,120.42083740234375
2021-06-04,120.93746915555829,122.97470451422886,120.72302254551224,122.71151733398438
2021-06-07,122.98444744531308,123.1306617200527,121.67828344764422,122.72126770019531
2021-06-08,123.4035896495703,125.21663622404847,123.02343700167279,123.54005432128906
2021-06-09,123.99820136642403,124.52456834027448,123.32562010482052,123.92021942138672
2021-06-10,123.81298472926724,124.95345011953233,122.76025831506651,122.92596435546875
2021-06-11,123.33535493510138,124.22238272093318,122.91621132668672,124.13465118408203
2021-06-14,124.59279446771667,127.24411353581664,123.86173050218788,127.18563079833984
2021-06-15,126.65929568267117,127.302635665895,126.12317902998467,126.36686706542969
2021-06-16,127.07842981173894,127.585305081469,125.21666455636404,126.86398315429688
2021-06-17,126.52279301183641,129.20336059736883,126.37657131032402,128.46253967285156
2021-06-18,127.40981037898122,128.1895998960208,126.95167585727805,127.16612243652344
2021-06-21,127.01013729010695,129.06686377457612,125.94766160876556,128.9596405029297
2021-06-22,128.7939773736595,130.69474066397615,128.29684436989922,130.59725952148438
2021-06-23,130.39256533356104,130.92868185123652,129.8661909803765,130.32432556152344
2021-06-24,131.05536118547494,131.240566385548,129.57373445842103,130.0416259765625
2021-06-25,130.09040620403312,130.50954241745376,129.4568084909208,129.74923706054688
2021-06-28,130.04166969629122,131.8352098315601,129.98318695524438,131.3770751953125
2021-06-29,131.3965550234282,133.0438880631515,130.9579196567259,132.88792419433594
2021-06-30,132.73195190270366,133.94064949902392,132.43952338561445,133.50201416015625
2021-07-01,133.15114759070119,133.8627124846623,132.33234449341114,133.80422973632812
2021-07-02,134.41823824549493,136.4652225329,134.27203145647837,136.42623901367188
2021-07-06,136.53350195950557,139.53572463895688,136.53350195950557,138.43426513671875
2021-07-07,139.91589835234652,141.2318195282519,139.0581266890823,140.91990661621094
2021-07-08,138.00536723887996,140.42274763655988,137.11833949517367,139.6234588623047
2021-07-09,139.1458433075578,141.97261806281588,139.04836216143113,141.44625854492188
2021-07-12,142.51848639937432,142.62570970674338,140.364278087154,140.85165405273438
2021-07-13,140.3934939298509,143.7369001800956,140.00359917768813,141.9628448486328
2021-07-14,144.3607540301203,145.79364043052715,143.95134516697595,145.3842315673828
2021-07-15,145.47193033482904,146.2127361769888,143.37620552550834,144.73110961914062
2021-07-16,144.71163648718607,145.97880173322068,142.19677544564345,142.6938934326172
2021-07-19,140.12058929133983,140.43251704679776,138.0931035014654,138.85340881347656
2021-07-20,139.83792120496685,143.38601770583355,139.35054523026795,142.45999145507812
2021-07-21,141.85560430806734,142.44046123871172,140.9783337856304,141.7288818359375
2021-07-22,142.2552645840674,144.4581980577568,142.12854210433372,143.0935516357422
2021-07-23,143.8246641352954,144.96512221870486,143.21056560056124,144.8091583251953
2021-07-26,144.52644902049065,146.04705940106285,143.97083337261068,145.228271484375
2021-07-27,145.35500444699645,145.4427434254304,141.87514775749966,143.06434631347656
2021-07-28,141.1537977724019,143.25926511063363,138.9411071473103,141.3195037841797
2021-07-29,141.0368336570977,142.8498725143642,140.92961036922324,141.9628448486328
2021-07-30,140.73463322642874,142.6353957698728,140.47144614394318,142.17726135253906
2021-08-02,142.66467417357075,143.23977416644965,141.5826990796388,141.84588623046875
2021-08-03,142.12855135709023,144.30224361135603,141.51445299043982,143.63941955566406
2021-08-04,143.55173491626834,144.05859526042843,142.58672505684436,143.23980712890625
2021-08-05,143.2690181917266,144.10730535100612,142.47947159810346,143.3470001220703
2021-08-06,142.86869219057516,143.61060825982952,142.16581806356817,142.66368103027344
2021-08-09,142.72222158501236,143.210327688173,142.0584044347056,142.61483764648438
2021-08-10,142.95653516321173,144.19632898598317,141.84365370926938,142.1365203857422
2021-08-11,142.57580253562702,143.22986295766566,142.0681679932176,142.39031982421875
2021-08-12,142.71249604702388,145.50446416374155,142.37081574173467,145.3482666015625
2021-08-13,145.42637130499,145.88519235268876,144.74302556240244,145.55328369140625
2021-08-16,145.00657783567002,147.59354953492934,142.98582599022765,147.52520751953125
2021-08-17,146.6563820290242,148.07188700426227,145.5435005089824,146.61734008789062
2021-08-18,146.23660593235846,147.134719463398,142.67342208980006,142.87843322753906
2021-08-19,141.5801148978695,144.47946756706352,141.06272340162622,143.21038818359375
2021-08-20,143.93269697072802,144.9674792880399,143.28839348778612,144.66485595703125
2021-08-23,144.7820819349536,146.61736630864482,144.37207444854158,146.14878845214844
2021-08-24,145.8949130199866,147.27137582254224,145.6020463753851,146.0608673095703
2021-08-25,146.24634576040117,146.7442235104866,144.28416462153382,144.83084106445312
2021-08-26,144.82112485660906,145.5727977281921,144.00109506679658,144.03038024902344
2021-08-27,143.97178711441077,145.21158091727293,143.33725507209095,145.06515502929688
2021-08-30,145.45565533870288,149.83885461039787,145.07493307828,149.47764587402344
2021-08-31,149.0285501067643,149.1652192116683,147.69112933468762,148.21829223632812
2021-09-01,149.1945515081308,151.2934023311897,148.71620204197066,148.8821563720703
2021-09-02,150.20980882981786,151.03959539227287,148.7747752992504,149.9950408935547
2021-09-03,150.10238418360416,150.9516989362315,149.44832378980732,150.62954711914062
2021-09-07,151.2836060822293,153.5191254698615,150.71740121777114,152.9626922607422
2021-09-08,153.24581573453693,153.3043860941943,150.31717858511598,151.42030334472656
2021-09-09,151.7912489116524,152.39649574316758,150.2878736971047,150.405029296875
2021-09-10,151.3128888573864,151.7814665359228,145.16274910531013,145.42633056640625
2021-09-13,147.04688016056696,147.818081410703,145.21159606216116,145.99256896972656
2021-09-14,146.77353720711707,147.4764113119793,143.41536423851278,144.59657287597656
2021-09-15,145.02613374476746,145.88520555365383,142.88822588135704,145.48495483398438
2021-09-16,144.90894501042473,145.4263362978241,143.71796490468603,145.2506103515625
2021-09-17,145.27994241453277,145.27994241453277,142.29271983680104,142.58558654785156
2021-09-20,140.3792920822909,141.3945460334686,137.90947685232237,139.5397491455078
2021-09-21,140.50626423071614,141.16033974315945,139.38362576406158,140.01815795898438
2021-09-22,141.01389352952881,142.94679012081193,140.28173414994058,142.38059997558594
2021-09-23,143.16149332082315,143.58127225444073,142.1755244980319,143.33721923828125
2021-09-24,142.1950877231893,143.96202960944674,142.09746053449825,143.42510986328125
2021-09-27,142.00961449990794,142.48796392317834,140.39887004950094,141.9119873046875
2021-09-28,139.8424227657557,141.30674132874793,138.31953384357482,138.5343017578125
2021-09-29,139.08095132289213,141.01384728022984,138.65141557774692,139.43238830566406
2021-09-30,140.2426707272125,140.9455448156453,137.9192805517919,138.13404846191406
2021-10-01,138.5245544569587,139.52029542569983,135.80092800506898,139.2567138671875
2021-10-04,138.38785651091933,138.82716398233575,134.98088496397907,135.83018493652344
2021-10-05,136.17185207930245,138.8564357660988,136.04493972017434,137.75331115722656
2021-10-06,136.15233067899587,138.76857249312508,135.07849119061893,138.6221466064453
2021-10-07,139.6569450430087,140.78935501402486,139.32503639848235,139.8814697265625
2021-10-08,140.60385709315267,140.7502829805711,139.16882381318146,139.500732421875
2021-10-11,138.88575464341304,141.3653278052875,138.43669034540312,139.41290283203125
2021-10-12,139.82286975119803,139.84239816609858,137.68496264197734,138.14378356933594
2021-10-13,137.88027267230362,138.0364553671229,135.88879063118128,137.55812072753906
2021-10-14,138.72954178771872,140.45744186952987,138.1438084019397,140.3402862548828
2021-10-15,140.35006796929892,141.45317790755652,140.09624319922384,141.3946075439453
2021-10-18,140.03765490452832,143.34701408719482,139.7545598847163,143.0639190673828
2021-10-19,143.5130025382052,145.62162523479623,143.06395310397025,145.22137451171875
2021-10-20,145.16276563549152,146.18779152686344,144.59656071553547,145.70944213867188
2021-10-21,145.27017952577518,146.0804376870695,144.35253739380764,145.9242401123047
2021-10-22,146.12924283758312,146.60757740087539,145.1042167942401,145.1530303955078
2021-10-25,145.14322894722775,145.8168177773373,144.10844635434742,145.10418701171875
2021-10-26,145.77774687028875,147.25182169982028,145.46535186503468,145.7679901123047
2021-10-27,145.80708231384622,146.16827612937263,144.9577823061733,145.30921936035156
2021-10-28,146.256135746264,149.52643805425132,146.1585085567286,148.9407196044922
2021-10-29,143.7179883048137,146.373287179863,142.92725865743117,146.2366180419922
2021-11-01,145.44589589912687,146.13899838558393,144.2842007193759,145.41661071777344
2021-11-02,145.12372094423125,147.96450225059075,145.11394928812004,146.4513702392578
2021-11-03,146.81257403590004,148.35499132920407,146.25614074482093,147.88641357421875
2021-11-04,147.97426542713765,148.80403696262286,147.0566234619275,147.3690185546875
2021-11-05,148.49327073720926,148.7963357946924,146.7041933888627,147.89691162109375
2021-11-08,148.02402320404659,148.18044870579655,146.80197694204415,147.07571411132812
2021-11-09,146.84107977637362,148.0435691533501,146.70421118808,147.43743896484375
2021-11-10,146.66510417552323,146.7726448402154,144.54363371528353,144.612060546875
2021-11-11,145.62885311604722,146.0883289050465,144.37746369649008,144.56321716308594
2021-11-12,145.11063141972008,147.0365772200293,144.18187938974896,146.63575744628906
2021-11-15,147.00728981052836,148.483531417499,146.08830852560698,146.64556884765625
2021-11-16,146.58689139053743,148.1022316953491,146.00030323462437,147.62318420410156
2021-11-17,147.6232038564801,151.53375230300938,147.61343285568483,150.05752563476562
2021-11-18,150.2726099643279,155.12168178008048,149.627365877677,154.33956909179688
2021-11-19,154.12448394226502,157.41913113659675,153.02953515610952,156.9596405029297
2021-11-22,158.06434223873075,161.9944471367291,157.39955624235793,157.4191131591797
2021-11-23,157.5169071447605,158.18170822428823,155.50297681960475,157.80043029785156
2021-11-24,157.15512173863883,158.51403634701725,156.06994425154855,158.31851196289062
2021-11-26,156.00157185337474,156.8618824271744,152.8633499442556,153.30328369140625
2021-11-29,155.8060160344783,157.58532267329434,155.2389847402696,156.6565704345703
2021-11-30,156.41218795497596,161.81852071802552,156.34374618750323,161.6034393310547
2021-12-01,163.73466976035556,166.49161375206606,160.8506430799377,161.0852813720703
2021-12-02,155.190082479573,160.52797144851237,154.27110143280012,160.09780883789062
2021-12-03,160.35202051883033,161.27100166043388,156.14817855062066,158.22076416015625
2021-12-06,160.61600581977925,164.12573463510114,160.60623481829575,161.62298583984375
2021-12-07,165.2988844701773,167.7429772469704,164.57542763792551,167.35191345214844
2021-12-08,168.28069194116756,172.02504411674911,166.882663021836,171.1647186279297
2021-12-09,170.9985052389604,172.79735388590385,170.03063915946248,170.6563262939453
2021-12-10,171.29182418696914,175.61297891700764,170.78344865474102,175.43699645996094
2021-12-13,177.06961358561998,178.0570365302883,171.6046261840087,171.8099365234375
2021-12-14,171.33091243496327,173.76523433574428,168.3589020297747,170.43148803710938
2021-12-15,171.1940123824784,175.48583813344078,168.45662585148168,175.29031372070312
2021-12-16,175.27079308478832,177.08919884301145,166.9315491019716,168.40777587890625
2021-12-17,166.12987292514003,169.59071677301714,165.89524955752734,167.3128204345703
2021-12-20,164.51677542044033,166.76534380811088,163.71512072913166,165.9539031982422
2021-12-21,167.72340078083394,169.3267248588515,165.33796412188073,169.12142944335938
2021-12-22,169.17031112645324,171.9272548095711,168.300214735498,171.71217346191406
2021-12-23,171.91751377429944,172.8951510094844,171.35048238778492,172.337890625
2021-12-27,173.12975263201184,176.3852860059842,173.1102106304085,176.29730224609375
2021-12-28,176.13107184612667,177.27490525734726,174.5375188860444,175.280517578125
2021-12-29,175.31969120341034,176.59062262185972,174.15630048000423,175.3685760498047
2021-12-30,175.45652327947462,176.53193000592643,174.10737937130014,174.2149200439453
2021-12-31,174.1073747963206,175.22188041192248,173.29593427269404,173.59901428222656
2022-01-03,173.85318194367048,178.7902515625947,173.73587028238754,177.939697265625
2022-01-04,178.54586564233023,178.84893075193062,175.1143499260673,175.68138122558594
2022-01-05,175.5934373990841,176.14091190448147,170.73457878734038,171.00831604003906
2022-01-06,168.83790737145776,171.37976954533002,167.80161453547433,168.153564453125
2022-01-07,169.02369367342152,170.24574016447164,167.20528789803654,168.31979370117188
2022-01-10,165.2988731483881,168.64239004792708,164.40921985835627,168.33932495117188
2022-01-11,168.46644539148625,171.26247339503044,166.99998962694013,171.1647186279297
2022-01-12,172.18144710369126,173.21774007794218,170.91053076473975,171.60464477539062
2022-01-13,171.8490383580425,172.6702498945838,167.94826118313497,168.33932495117188
2022-01-14,167.50829300048528,169.89372928280528,167.26388378987963,169.19961547851562
2022-01-18,167.6745435442064,168.68150862321704,165.62151446360372,166.00279235839844
2022-01-19,166.19833085017333,167.25418085979933,162.22912604138475,162.51263427734375
2022-01-20,163.24581922868165,165.8854360990158,160.50843269303434,160.8310546875
2022-01-21,160.74305996791702,162.61035005803072,158.67047447923693,158.77801513671875
2022-01-24,156.44149634340394,158.67050778679211,151.24045969712583,158.00570678710938
2022-01-25,155.4247355135648,159.1202024043847,153.5085752311325,156.20684814453125
2022-01-26,159.84367643647036,160.71377291639465,154.29070450112417,156.11888122558594
2022-01-27,158.81715723147198,160.17607231774176,154.74041197266266,155.65939331054688
2022-01-28,162.00422657695262,166.5404614570555,159.15929945417386,166.52090454101562
2022-01-31,166.35470576493188,171.0864649878099,165.7192328015865,170.8713836669922
2022-02-01,170.11859681152686,170.93003725349797,168.4566170141108,170.70518493652344
2022-02-02,170.8420635898593,171.94679815950911,169.45382085751916,171.90768432617188
2022-02-03,170.57810026310062,172.2987509371964,168.27087633720052,169.03343200683594
2022-02-04,168.05457472378333,170.4234840013588,167.07569202403184,168.7495880126953
2022-02-07,169.20965988540354,170.2766384169295,167.33999039041194,168.03500366210938
2022-02-08,168.1035042386361,171.64706939744136,167.80983647215697,171.13804626464844
2022-02-09,172.3322952525055,172.91961588647231,171.20657123174874,172.55743408203125
2022-02-10,170.46260694632986,171.77430598076174,167.92730472233933,168.48526000976562
2022-02-11,168.690860750742,169.4250227899619,164.4914455219278,165.0787811279297
2022-02-14,163.8355528500562,165.99888966269845,163.04266044585623,165.3136749267578
2022-02-15,167.3595849608588,169.29776862360237,166.65478818594016,169.14114379882812
2022-02-16,168.2209893560315,169.67951494494773,166.45899759893967,168.9062042236328
2022-02-17,167.41826624498145,168.27968759105596,164.91232953264935,165.3136749267578
2022-02-18,166.23384762062662,166.93862933962222,162.68049906023276,163.76705932617188
2022-02-22,161.4960419882263,163.16993775264925,158.72580252665216,160.84999084472656
2022-02-23,162.04424861753867,162.64136771002168,156.3765239008277,156.6897735595703
2022-02-24,149.35788055449572,159.41100713080036,148.7901269618593,159.30332946777344
2022-02-25,160.38012393186045,161.6330924831591,157.47284137265066,161.36880493164062
2022-02-28,159.6166064975814,161.9267702066246,158.99990563300975,161.6331024169922
2022-03-01,161.22197083806662,163.0818568508139,158.5496253630897,159.75364685058594
2022-03-02,160.91852050375005,163.82580321014547,159.50892707803538,163.04269409179688
2022-03-03,164.91235266773373,165.3430634011942,162.05401727070716,162.7196502685547
2022-03-04,161.01639051416453,162.05400359179123,158.67686189722227,159.72425842285156
2022-03-07,159.91029698865853,161.53524604361925,155.68151606537282,155.93603515625
2022-03-08,155.4661583222758,159.44041971330986,152.50992837199067,154.11529541015625
2022-03-09,158.06996768709067,159.95921898709753,156.04368834876885,159.50892639160156
2022-03-10,156.81700107101284,157.0029911685478,152.6861150001443,155.1724853515625
2022-03-11,155.57381332247203,155.91642822664025,151.23737032666907,151.46250915527344
2022-03-14,148.25177493215907,150.86538982544317,146.9302923114544,147.43930053710938
2022-03-15,147.71334553991105,152.28473941021275,147.20433745535036,151.8148651123047
2022-03-16,153.73353879751855,156.6212399212536,151.19823606106897,156.2198944091797
2022-03-17,155.26055517399735,157.6000837703935,154.30125449850178,157.2281036376953
2022-03-18,157.1204572234023,161.00662274780382,156.38629519642316,160.51718139648438
2022-03-21,160.0570530295471,162.8370903483991,159.56761183816215,161.8875732421875
2022-03-22,162.01487524148183,165.84231029999864,161.42755456550663,165.25498962402344
2022-03-23,164.44248019289995,168.9942779440516,164.1096487837443,166.6156005859375
2022-03-24,167.44765777264146,170.46261801995993,166.61561651162776,170.39410400390625
2022-03-25,170.20812239603873,171.57855215101324,169.1019802060181,171.03038024902344
2022-03-28,168.53422465828777,172.0190445148475,168.36781639958284,171.8917999267578
2022-03-29,172.95876428530602,175.22976408859992,172.61614940998814,175.1808319091797
2022-03-30,174.77950323773482,175.81711647524634,172.96856432856262,174.01597595214844
2022-03-31,174.0844546486926,174.2704447075952,170.71709656651754,170.92266845703125
2022-04-01,170.35497284823808,171.18702920461877,168.3091113767006,170.62905883789062
2022-04-04,170.8835878567689,174.72080687147195,170.7563283054037,174.67185974121094
2022-04-05,173.7516656886956,174.53477477488693,170.73670541562527,171.36318969726562
2022-04-06,168.72025326304427,169.96343869896893,166.53734862975602,168.20144653320312
2022-04-07,167.54556668896316,169.69910564386342,166.26323274049562,168.50486755371094
2022-04-08,168.1524524173325,168.1524524173325,165.62693350816983,166.49813842773438
2022-04-11,165.14731642594322,165.46055114101816,162.0050962053992,162.24981689453125
2022-04-12,164.47187468621496,166.28279871101802,163.12101178667447,164.11947631835938
2022-04-13,163.8551587010773,167.42807423573976,163.24825626550125,166.8015899658203
2022-04-14,167.01696134936807,167.6532440657547,161.55479409572018,161.7995147705078
2022-04-18,160.45844346214486,163.08185675186522,160.11584349387897,161.58416748046875
2022-04-19,161.53522902332887,164.27610359926777,160.44866861751814,163.86495971679688
2022-04-20,165.19622127922986,165.31369734743882,162.59240492951264,163.6985321044922
2022-04-21,165.34307817395856,167.90774603308134,162.4064301142371,162.90565490722656
2022-04-22,162.9447923826861,164.32500539707067,158.08952846576778,158.37339782714844
2022-04-25,157.71757136622622,159.7242838315626,155.11375480994548,159.44041442871094
2022-04-26,158.82370741856425,158.91180327087787,153.41048764569481,153.48880004882812
2022-04-27,152.61759051221244,156.41564486229873,152.0987839265491,153.26365661621094
2022-04-28,155.88706244158715,161.04577820352466,155.57381282317428,160.18435668945312
2022-04-29,158.42236732431553,162.69029635210208,153.92929946524063,154.3208465576172
2022-05-02,153.40072515321864,154.8886162063275,150.03336604127583,154.62432861328125
2022-05-03,154.81028218380573,157.31623426694395,153.0189401124905,156.11219787597656
2022-05-04,156.29821776928353,162.96440737050813,155.89687222909777,162.51412963867188
2022-05-05,160.38993331507154,160.61507214954577,151.67786848905013,153.45944213867188
2022-05-06,152.93984857664353,156.30235682996496,151.1458596477854,154.1848602294922
2022-05-09,151.8811126841976,152.76341048572758,148.50882129057032,149.06759643554688
2022-05-10,152.45952464307157,153.6555174482576,149.92048190900607,151.46939086914062
2022-05-11,150.47925033829725,152.39087300235883,142.9405806152843,143.61700439453125
2022-05-12,139.96046693664456,143.3229615932635,136.06859043625394,139.7545928955078
2022-05-13,141.74459868206603,145.18553469561974,140.2937279042498,144.2150115966797
2022-05-16,142.68568558350242,144.61691862288893,141.34263600841436,142.67587280273438
2022-05-17,145.93055862687706,146.82265416778552,143.79345144967377,146.30308532714844
2022-05-18,143.9601314929513,144.46008977155722,137.14688920750964,138.04879760742188
2022-05-19,137.12732118856076,138.87229156176298,133.9118691553446,134.64710998535156
2022-05-20,136.3528052981394,137.9311222550243,130.00033122355916,134.88232421875
2022-05-23,135.07840236616943,140.4407585737006,134.941158046499,140.29371643066406
2022-05-24,138.0389654521871,139.1761411372566,134.62745335548652,137.5978240966797
2022-05-25,135.7058176181396,138.99969650386015,135.61759232548434,137.75469970703125
2022-05-26,134.68629593603174,141.49952360823445,134.44121569632296,140.95054626464844
2022-05-27,142.5288570634857,146.73442720207444,142.40141055796454,146.69522094726562
2022-05-31,146.13641898717157,147.69512536408004,143.95029298038025,145.9109344482422
2022-06-01,146.95007745203338,148.753879037452,144.77376414576858,145.78350830078125
2022-06-02,144.920824891666,148.29313081917098,143.96991252402043,148.23431396484375
2022-06-03,144.0091506541789,145.05810131692076,141.61717995046743,142.51907348632812
2022-06-06,144.13659949613532,145.64630225545608,142.04851092055418,143.2641143798828
2022-06-07,141.5093091448792,146.06779474236185,141.26422895235845,145.78350830078125
2022-06-08,145.6560729457736,146.9206802540853,144.55811838609154,145.04827880859375
2022-06-09,144.1855888973648,145.03846322934638,139.7251261469218,139.8329620361328
2022-06-10,137.51936981142111,137.98991950159612,134.36273634609168,134.43136596679688
2022-06-13,130.25522177759234,132.53937106937602,128.85337019356888,129.2847137451172
2022-06-14,130.51011351307002,131.25515193955982,128.8925752102517,130.1473846435547
2022-06-15,131.64731188113106,134.63729418113485,129.55923814253225,132.76487731933594
2022-06-16,129.48077097128098,129.78466802101963,126.50058741056863,127.50051879882812
2022-06-17,127.5103548974603,130.4611156124141,127.25546187351353,128.9710235595703
2022-06-21,130.7943992837295,134.36276639582726,130.6963761788774,133.19618225097656
2022-06-22,132.13745484401576,135.04900927487205,131.2747825760473,132.6864471435547
2022-06-23,134.1275183400123,135.86267563561398,132.96093402675356,135.54898071289062
2022-06-24,137.1468641014651,139.1173183416044,137.01943257838917,138.8722381591797
2022-06-27,139.8917651363233,140.66622688954945,138.19581446232633,138.8722381591797
2022-06-28,139.3330131628478,140.59762053174873,134.61767206581916,134.7353057861328
2022-06-29,134.75492447437682,137.90174634957765,133.98046254650382,136.49008178710938
2022-06-30,134.54901824559195,135.64697266058235,131.13750634293814,134.02944946289062
2022-07-01,133.36284196732555,136.3038045198631,132.9903302157903,136.1959686279297
2022-07-05,135.05883599741875,138.82326526029516,134.23535494237336,138.7742462158203
2022-07-06,138.56835645511603,141.28383440664965,138.30366564043456,140.10745239257812
2022-07-07,140.4701612232241,143.66601661315485,140.46036340026106,143.46995544433594
2022-07-08,142.4013924960781,144.646335480772,142.14651447587394,144.1463623046875
2022-07-11,142.80334848304327,143.7542609845207,140.95054251842944,142.0190887451172
2022-07-12,142.89157069008422,145.52863633565593,142.19555121961218,142.98960876464844
2022-07-13,140.17608985764943,143.56799177024092,139.3232005090592,142.62689208984375
2022-07-14,141.24462523992875,146.0187828364424,140.43095716603992,145.54823303222656
2022-07-15,146.83244295612025,147.89119117713278,145.28353435270415,147.2147674560547
2022-07-18,147.77357228115997,148.58724039251226,143.81306761767442,144.17579650878906
2022-07-19,145.0090823866063,148.25394254490203,144.01896354895925,148.02847290039062
2022-07-20,148.14609070693865,150.6949310490213,147.41085002655058,150.02830505371094
2022-07-21,151.45956799212024,152.50851845862235,148.94994906470606,152.2928466796875
2022-07-22,152.33208328648058,153.2045683993023,150.39105184778396,151.0576629638672
2022-07-25,150.97921649648936,151.9889458272938,149.28326552705713,149.94007873535156
2022-07-26,149.2636538636445,150.07732200029463,147.83239373585778,148.6166534423828
2022-07-27,149.57738561961435,154.23391054533735,149.16565257909815,153.70452880859375
2022-07-28,153.8907653704556,154.53778073211737,151.37134852302864,154.2534942626953
2022-07-29,158.06695385906744,160.40992030893383,156.36119003723385,159.31195068359375
2022-08-01,157.84144361325252,160.37067302404677,157.72380990621818,158.33160400390625
2022-08-02,156.94938527079637,159.21392420256825,156.48863324172908,156.86114501953125
2022-08-03,157.67482654904526,163.31167231688755,157.58660124880873,162.86073303222656
2022-08-04,162.74307352499065,163.89986001020398,161.19416464799912,162.54701232910156
2022-08-05,160.2204579317327,162.81209994967907,160.01429795084667,162.32125854492188
2022-08-08,163.32254540690658,164.7361708864107,161.19229575323052,161.8500213623047
2022-08-09,161.01557009848563,162.78260161908204,160.2596703687026,161.89907836914062
2022-08-10,164.60853143111325,166.23812814464867,163.8428202002786,166.1399688720703
2022-08-11,166.94495103045548,167.85792369494868,165.10920924668594,165.40371704101562
2022-08-12,166.70935086886797,169.01629605421468,166.29703098384923,168.9475860595703
2022-08-15,168.37818541775778,170.21392688656005,168.21130119143814,170.01759338378906
2022-08-16,169.61509878760032,170.52807128910433,168.5156191962962,169.8605194091797
2022-08-17,169.6052979143018,172.92337473871223,169.40896440067246,171.35269165039062
2022-08-18,170.56735491708034,171.6962839363271,169.94889007422466,170.96002197265625
2022-08-19,169.86055507755876,170.55755638009072,168.17205964818893,168.3782196044922
2022-08-22,166.58172694573366,166.74861119438174,164.07843325743647,164.5005645751953
2022-08-23,164.0195016745625,165.61964882368898,163.59737044179144,164.166748046875
2022-08-24,164.25511301062056,165.03063554714507,163.20470561002094,164.4612579345703
2022-08-25,165.68842382861962,167.02351305225312,165.26630740947445,166.91552734375
2022-08-26,167.44560000363606,167.91680343416758,160.56399573070382,160.62289428710938
2022-08-29,158.19813716461735,159.91608162954805,156.89251255304256,158.42393493652344
2022-08-30,159.1602105704912,159.58232691391927,154.83098655063566,155.9991912841797
2022-08-31,157.37354474862363,157.6386032608909,154.2616125155062,154.34014892578125
2022-09-01,153.77074600824523,155.51813965771387,151.83683028732437,155.0665740966797
2022-09-02,156.82379496598037,157.42262194968552,152.13135334781393,152.95596313476562
2022-09-06,153.60385293125665,154.2124912520568,150.8747769402501,151.6993865966797
2022-09-07,151.98409298992328,153.80019664109167,150.7962505650505,153.10321044921875
2022-09-08,151.80738719524012,153.49588236025656,149.88328282837716,151.6306915283203
2022-09-09,152.62217501880943,154.92913481819144,151.91536244109605,154.48736572265625
2022-09-12,156.66672837890903,161.25118449428555,156.38204700518378,160.43638610839844
2022-09-13,156.97105902298662,157.59933535695706,150.56067213786505,151.02206420898438
2022-09-14,151.95465448242936,154.22235404144755,150.79627611743592,152.4651336669922
2022-09-15,151.81721471946022,152.3964188629796,148.60712326254628,149.5789794921875
2022-09-16,148.44022763272653,148.57766259301448,145.65223775657734,147.93955993652344
2022-09-19,146.57498790902477,151.72882019825508,146.36884300585444,151.65028381347656
2022-09-20,150.59011171978128,155.18439428665013,150.27598106267698,154.0260009765625
2022-09-21,154.45790609581144,155.83227045116655,150.78642348575858,150.9042205810547
2022-09-22,149.58879338602387,151.6405063427645,148.14571882351763,149.94219970703125
2022-09-23,148.42058784002563,148.6954577569954,145.83875792782328,147.67449951171875
2022-09-26,146.91863241520423,150.95334879982894,146.89899456754617,148.00830078125
2022-09-27,149.9421927062511,151.88591989139582,147.20329010150107,148.98013305664062
2022-09-28,144.93563790031018,147.88068609523327,142.18692325585735,147.0953369140625
2022-09-29,143.42384928540386,144.0324877695267,138.10311583907216,139.87014770507812
2022-09-30,138.69213315187477,140.4788028880648,135.47221503631138,135.66854858398438
2022-10-03,135.67834355315813,140.44932105441077,135.16786446408517,139.84066772460938
2022-10-04,142.37340544784647,143.541609967603,141.61750576224773,143.42381286621094
2022-10-05,141.4309855077748,144.68035173905943,140.39038961833376,143.71829223632812
2022-10-06,143.13914221609966,144.83744897574383,142.55995305808347,142.76609802246094
2022-10-07,139.9290453992253,140.47880029356153,136.8956494527264,137.52392578125
2022-10-10,137.8478546142578,139.2909290851068,136.0317509799681,137.8478546142578
2022-10-11,137.33739611427865,138.76084793369003,135.68817645989057,136.4342498779297
2022-10-12,136.58150689181417,137.78897231294513,135.62927355780315,135.80596923828125
2022-10-13,132.5173428390662,140.9598044199806,131.90868942611982,140.3708038330078
2022-10-14,141.66661609125816,141.87277603175662,135.65872326737428,135.84524536132812
2022-10-17,138.48597103526853,140.282437004532,137.7006219624551,139.80142211914062
2022-10-18,142.82504643152265,144.01287431817016,138.03442922306775,141.11691284179688
2022-10-19,139.09461918905455,142.29489928414645,138.90809708603376,141.22486877441406
2022-10-20,140.40025572638473,143.21768011702426,140.0370229627389,140.7634735107422
2022-10-21,140.25299045906925,145.1417806685085,140.03701908535325,144.57240295410156
2022-10-24,144.4938810962025,147.47818995640918,143.32567626964715,146.7124786376953
2022-10-25,147.34074408565283,149.69679141311283,146.62411995147127,149.54953002929688
2022-10-26,148.19482861119383,149.2059606049606,145.32830191392304,146.61431884765625
2022-10-27,145.35771914522275,146.31976369631963,141.48988811948774,142.14761352539062
2022-10-28,145.48537216958695,154.6150242142885,145.11234293200243,152.88726806640625
2022-10-31,150.35449330723716,151.4147121907347,149.1372016307876,150.53118896484375
2022-11-01,152.23934967138234,152.60256746450293,146.39834080336652,147.89048767089844
2022-11-02,146.22162239502856,149.3826416112209,142.34397906464244,142.37342834472656
2022-11-03,139.45783369878677,140.1842842462697,136.2084665510831,136.33609008789062
2022-11-04,139.71866273149064,140.28898493787645,132.1373429796548,136.07058715820312
2022-11-07,134.82178704829124,136.8277351131925,133.40581664759068,136.60157775878906
2022-11-08,138.06673762400212,139.0697043062685,135.19547054516553,137.1719207763672
2022-11-09,136.18856411022261,136.23773265765962,132.34381476431366,132.619140625
2022-11-10,138.88289747560535,144.41893005371094,137.17193036207183,144.41893005371094
2022-11-11,143.38642351170455,147.50648417895965,141.96061049585242,147.20166015625
2022-11-14,146.4838305708861,147.77196548965426,144.9695233350431,145.8053436279297
2022-11-15,149.67963703147598,151.02676861885655,146.08071431905194,147.5360107421875
2022-11-16,146.6411608430867,147.36880131400713,144.83185736513215,146.30682373046875
2022-11-17,143.98623783804743,148.95196191687904,143.71091192910288,148.20465087890625
2022-11-18,149.76810292744864,150.15159363499748,147.4671586821555,148.76512145996094
2022-11-21,147.65396813268248,147.86045501907074,145.25468713947097,145.5398406982422
2022-11-22,145.65785433713793,147.90962978782017,144.47786920588229,147.6736297607422
2022-11-23,146.95582360996656,149.29610855403772,146.8476588015229,148.54879760742188
2022-11-25,145.8348580598712,146.3953525551104,144.66471552066162,145.63819885253906
2022-11-28,142.71773929408752,144.19270560138654,140.98711756167793,141.81309509277344
2022-11-29,141.88196729880755,142.393293327039,138.00773375100172,138.8140411376953
2022-11-30,139.04019702693043,146.23804217919428,138.20439151332914,145.55955505371094
2022-12-01,145.7365320270306,146.64117635966434,144.1632284025417,145.83485412597656
2022-12-02,143.52411441944975,145.53006273642814,143.21927533321448,145.34323120117188
2022-12-05,145.30389650239576,148.40132070138284,143.33727415278167,144.18292236328125
2022-12-06,144.61555599946504,144.84171332835018,139.55149534602168,140.5249786376953
2022-12-07,139.8169835109002,140.97728320609625,137.6635301739463,138.5878448486328
2022-12-08,139.9841640195035,141.12480845757423,138.7451974772698,140.26931762695312
2022-12-09,139.96449489513216,143.14060047218985,138.54852454565471,139.78750610351562
2022-12-12,140.31844803096612,142.08841047017535,138.70581892060486,142.07858276367188
2022-12-13,147.00504073940357,147.46719825510277,141.8328286540092,143.04229736328125
2022-12-14,142.92424628798724,144.21238117508022,138.80417118832523,140.81996154785156
2022-12-15,138.75503452609877,139.43352160827794,133.7598121718234,134.2219696044922
2022-12-16,134.4088086870883,135.35277902524194,131.4982009688156,132.2651824951172
2022-12-19,132.8551821275431,132.94367653807714,129.12843913282236,130.16090393066406
2022-12-20,129.19726991624464,131.02622951755586,127.72230297983688,130.0920867919922
2022-12-21,130.76070405901197,134.52678732015247,130.5345467103143,133.18948364257812
2022-12-22,132.10786913644063,132.31435609146064,128.12545567267372,130.0232391357422
2022-12-23,128.73507853958517,130.21004508793624,127.47644161865645,129.65939331054688
2022-12-27,129.18740012847,129.21689825725943,126.57178934548489,127.85992431640625
2022-12-28,127.505939784758,128.8432433891337,123.76936236246999,123.9365234375
2022-12-29,125.8539861302219,128.30242867918332,125.5983306446105,127.44695281982422
2022-12-30,126.26698977683235,127.78128236285382,125.30334153820444,127.76161193847656
2023-01-03,128.1057773178633,128.7154254385632,122.0977455022682,122.98272705078125
2023-01-04,124.77234386397704,126.51280869797894,122.99255318811515,124.25119018554688
2023-01-05,125.0083349534918,125.63765344479737,122.67789249421179,122.93354797363281
2023-01-06,123.907033324828,128.115596113896,122.80572219640975,127.45677947998047
2023-01-09,128.29257960577254,131.18351617146814,127.72225745979352,127.97791290283203
2023-01-10,128.08609090104719,129.06940194282927,125.98180587179891,128.54824829101562
2023-01-11,129.05956971451124,131.28184718963053,128.28276062052532,131.26219177246094
2023-01-12,131.64567480294028,132.0193227611732,129.24639368399414,131.1835174560547
2023-01-13,129.82655147153693,132.6683196907436,129.46273119909978,132.510986328125
2023-01-17,132.57984966159466,134.99878678874634,131.89153482883353,133.67132568359375
2023-01-18,134.53662257229425,136.29674271738915,132.7764874230637,132.9534912109375
2023-01-19,131.84235433638028,133.9761376268957,131.53753029546903,133.0124969482422
2023-01-20,133.02231973826562,135.71659745917918,131.98001240951498,135.569091796875
2023-01-23,135.81489982286553,140.92812862349226,135.5985702195713,138.7550048828125
2023-01-24,137.9683697007518,140.77081216801105,137.95854199183503,140.1513214111328
2023-01-25,138.53869500355867,140.0529874380773,136.49340619294276,139.4925079345703
2023-01-26,140.78065564701856,141.8426334902846,139.53184628445516,141.55747985839844
2023-01-27,140.77082215722044,144.77289057415175,140.69215546789684,143.4945831298828
2023-01-30,142.54079133466578,143.12094131391822,140.46600420175812,140.61349487304688
2023-01-31,140.31848180314623,141.93111130163894,139.9054929686203,141.88194274902344
2023-02-01,141.56730384751015,144.16324461699494,138.961535368266,143.0029296875
2023-02-02,146.41502317640206,148.65697138188685,145.6972102432423,148.30299377441406
2023-02-03,145.5595309829737,154.75349514117664,145.36287177724367,151.9215545654297
2023-02-06,150.02377712562708,150.54493079230497,148.26364190831887,149.19778442382812
2023-02-07,148.12597415973434,152.63936822302708,148.12597415973434,152.0690460205078
2023-02-08,151.31187838719524,152.0001929813135,148.64709938209035,149.38458251953125
2023-02-09,151.213581264491,151.75440537570756,147.9096553354024,148.35214233398438
2023-02-10,147.1900447411898,149.04148154329528,146.9536843926681,148.71649169921875
2023-02-13,148.6574172040706,151.9171435900277,148.62787403653363,151.5133819580078
2023-02-14,149.80969157828838,151.43464142437824,148.56883308158638,150.873291015625
2023-02-15,150.7846620299423,153.13836360909013,150.5581593331422,152.970947265625
2023-02-16,151.17854429955682,153.95572244720177,151.02098573800205,151.37551879882812
2023-02-17,150.03619479649413,150.6763169294936,148.55897600306773,150.233154296875
2023-02-21,147.91882364629484,149.00212332766463,146.15601601247863,146.22494506835938
2023-02-22,146.60899081957194,147.67258982358598,144.92497033349784,146.6483917236328
2023-02-23,147.81048914517564,148.05669224456878,145.00378282832062,147.13096618652344
2023-02-24,144.87576101262292,144.9545478123535,143.50687229977612,144.48184204101562
2023-02-27,145.46664446890208,146.90446214048941,145.21058363066865,145.67344665527344
2023-02-28,144.8166705381309,146.8158385647427,144.6000106018143,145.17120361328125
2023-03-01,144.600022862706,144.99394185647634,142.80765687884437,143.1031036376953
2023-03-02,142.18720807379,144.48182259076125,141.71448733904464,143.6939697265625
2023-03-03,145.79164167073546,148.81502337863614,145.09243318314816,148.73623657226562
2023-03-06,151.4542972077173,153.92618602775224,151.1293223291666,151.4936981201172
2023-03-07,151.3656586110283,151.69064849711955,148.83469862838186,149.2975616455078
2023-03-08,150.48919246419973,151.13917230662574,149.52408044265695,150.54827880859375
2023-03-09,151.22778082054958,152.19289270805663,147.9483539187185,148.30288696289062
2023-03-10,147.92866457828165,148.64757336129242,145.3681465462101,146.24462890625
2023-03-13,145.56511831219402,150.81417020284252,145.4567883472071,148.18472290039062
2023-03-14,148.98242012042218,151.07021762009597,147.82034869008896,150.27252197265625
2023-03-15,148.8937927615987,150.92250395033966,147.64307677577528,150.6664581298828
2023-03-16,149.84905684492745,154.08375312665916,149.33695019463687,153.48301696777344
2023-03-17,153.70951897971963,154.35949876084172,151.93685367986137,152.6459197998047
2023-03-20,152.71487589238697,155.42311016638172,151.80883520237765,155.0094757080078
2023-03-21,154.93069227015488,156.9790888157361,154.1625247817563,156.8609161376953
2023-03-22,156.88061300312046,159.6774765177441,155.41323716716616,155.4329376220703
2023-03-23,156.41774787367245,159.09643867673987,155.28520465118157,156.51622009277344
2023-03-24,156.44728881765926,157.90480687220796,155.45263376473136,157.81617736816406
2023-03-27,157.5108907515981,158.3282868109909,155.4723219600322,155.8760986328125
2023-03-28,155.57080817581272,156.08291480553032,153.61102618902072,155.2556610107422
2023-03-29,156.94956160428092,158.60405440029712,156.92987617396892,158.32830810546875
2023-03-30,159.07675364456477,160.00247975071784,158.82070781762587,159.89414978027344
2023-03-31,159.9729235769942,162.4940408365555,159.45097422374334,162.3955535888672
2023-04-03,161.775118163648,163.76442815863666,161.7258745440201,163.64625549316406
2023-04-04,164.06975594835677,164.30610131295074,162.60238002597387,163.11448669433594
2023-04-05,162.2379998945446,162.54328933366952,159.34264903941414,161.2728729248047
2023-04-06,159.96309788102116,162.45468749786315,159.53963569062748,162.15924072265625
2023-04-10,158.96840146235982,159.5691375732422,157.6487565719111,159.5691375732422
2023-04-11,159.88431146406083,159.89415417908276,158.07224508795338,158.35784912109375
2023-04-12,158.77145737665472,159.59869619161648,157.35332510698044,157.66847229003906
2023-04-13,159.17525665056672,163.28192316496492,158.9684394039646,163.04556274414062
2023-04-14,162.09027277975596,163.794009087704,161.33197803499354,162.70086669921875
2023-04-17,162.58269264644778,162.87813940299813,161.53879379674336,162.72056579589844
2023-04-18,163.57733566867122,164.86743742961687,163.13415809407996,163.94171142578125
2023-04-19,163.2819130529251,165.60607111909823,163.02585218946155,165.08412170410156
2023-04-20,163.56751067945328,165.3204757933169,163.04556123695718,164.11900329589844
2023-04-21,162.54327607753027,163.92200731179602,161.99178358382397,162.51373291015625
2023-04-24,162.49404087672,163.08493430890758,161.40089854610392,162.81903076171875
2023-04-25,162.68116189989732,163.78414697340926,161.24332919160244,161.28273010253906
2023-04-26,160.58350725145092,162.76979197769046,160.32746143764658,161.2728729248047
2023-04-27,162.68115222078845,165.99996498511996,162.68115222078845,165.8522491455078
2023-04-28,165.93105213681218,167.27039764589344,165.33031595199535,167.10296630859375
2023-05-01,166.70906903109534,167.86129792357815,166.07878959348815,167.0143585205078
2023-05-02,167.50673256610264,167.76279339985444,164.99545801480568,165.9802703857422
2023-05-03,166.92572910723644,168.32416114075937,164.6212713207429,164.9068603515625
2023-05-04,162.38573893481126,164.50307988258416,161.81454585901537,163.27206420898438
2023-05-05,168.38322333782398,171.65280778469676,168.1665634032941,170.93389892578125
2023-05-08,169.8604771504957,171.20968066353447,169.49610128833427,170.864990234375
2023-05-09,170.42179836441701,170.9043468501181,168.993823309898,169.16123962402344
2023-05-10,170.39223444016065,171.38688948895523,169.28923440637098,170.9240264892578
2023-05-11,171.20964753246403,171.93839911576495,169.5551548305296,171.1111602783203
2023-05-12,171.21962961924467,171.653548851867,168.6358569767775,170.1841583251953
2023-05-15,170.76601261404946,170.815324358024,169.09937498339835,169.6910858154297
2023-05-16,169.61219003463674,170.74628490689332,169.42481443623242,169.6910858154297
2023-05-17,169.33607370599472,170.53919306240596,168.06389984598047,170.30252075195312
2023-05-18,170.60820660461047,172.81724313624747,170.19401507639674,172.62986755371094
2023-05-19,173.95134816577144,173.95134816577144,172.5213979143073,172.7383575439453
2023-05-22,171.57465110395842,172.2945693897219,171.05197977463047,171.79161071777344
2023-05-23,170.73642708015296,170.9829707500323,168.9119979039132,169.18812561035156
2023-05-24,168.7246024757336,170.03621645106807,168.16249079935005,169.4642333984375
2023-05-25,170.02635984381527,171.4957503105663,169.3163129553576,170.5983428955078
2023-05-26,170.92380920574092,173.33993425328168,170.71670589408566,173.00462341308594
2023-05-30,174.51342868026097,176.51536151113308,174.12882126565566,174.84872436523438
2023-05-31,174.87836477742368,176.8704419237823,174.31623796446905,174.79946899414062
2023-06-01,175.24321733975688,177.62975798334406,174.4838587106697,177.6001739501953
2023-06-02,178.52721426739677,179.2668453318801,176.781680741823,178.4483184814453
2023-06-05,180.1050954524954,182.39301299737724,175.57854201305094,177.09725952148438
2023-06-06,177.48186345973468,177.62978364684957,174.97697127382227,176.7323760986328
2023-06-07,175.97299569419778,178.70470351330488,174.8684849721747,175.361572265625
2023-06-08,175.44044804834044,178.3398036598064,175.00654388250445,178.07354736328125
2023-06-09,178.99068805786467,179.71059129506313,178.13272098000036,178.45816040039062
2023-06-12,178.7638742754878,181.34764691680866,178.468018885392,181.2490234375
2023-06-13,180.2726760005011,181.60400235767915,179.91765262902163,180.77561950683594
2023-06-14,180.8348467124019,181.84074910193183,179.50351991974284,181.40682983398438
2023-06-15,181.4166932611595,183.94129793003785,181.23917400121888,183.43833923339844
2023-06-16,184.14839232814637,184.4048073735327,181.7224110612984,182.36341857910156
2023-06-20,181.8604527350327,183.52709013546678,181.8604527350327,182.4521484375
2023-06-21,182.34367850052172,182.84663717983523,180.0656175699355,181.41668701171875
2023-06-22,181.19971869233248,184.46395407144706,181.1306792503188,184.41464233398438
2023-06-23,182.9846778693447,184.96688315796402,182.45213522308205,184.0990447998047
2023-06-26,184.2470177435845,185.45015206010262,182.66913223239737,182.70858764648438
2023-06-27,183.32000947784528,185.78544616190248,183.10304984582174,185.4600067138672
2023-06-28,185.33177206150037,187.27453708797546,185.0063477089331,186.63352966308594
2023-06-29,186.46586748106895,187.44218560729155,186.32780365948648,186.96881103515625
2023-06-30,188.98065447297634,191.79124321876165,188.61575961709715,191.28829956054688
2023-07-03,191.10092178559267,191.19954526937022,189.10884478636748,189.79917907714844
2023-07-05,188.92145597370774,190.311950580781,187.98457816150727,188.6847686767578
2023-07-06,187.2153769807983,189.36524537083605,186.5842258571581,189.15814208984375
2023-07-07,188.7636804868427,190.0062550438309,187.60985803081866,188.04376220703125
2023-07-10,186.6434031135775,187.36332142042107,184.4540942539423,186.0023956298828
2023-07-11,186.54480679233018,186.68287064614393,184.02020200954667,185.479736328125
2023-07-12,187.0575799007695,189.04965668897157,185.864317131752,187.14634704589844
2023-07-13,187.8662603208446,188.54672319895087,187.15621340871894,187.90570068359375
2023-07-14,187.6000029338883,188.53686585918993,187.00830716161786,188.05364990234375
2023-07-17,189.24689758888442,191.63345333608896,189.15814548736353,191.30801391601562
2023-07-18,190.6768691009351,191.64331601668746,189.75971887799713,191.05160522460938
2023-07-19,190.43029994672796,195.48936484547627,189.98650938817815,192.40264892578125
2023-07-20,192.39280905028917,193.7537348839622,189.8386203157028,190.4599151611328
2023-07-21,191.4164870851642,192.2744541324422,188.58615588066942,189.28634643554688
2023-07-24,190.73603816687742,192.21530010696893,189.59207198839397,190.0851593017578
2023-07-25,190.65713123041024,191.75178560391285,190.2527960456413,190.943115234375
2023-07-26,190.9924473358141,192.93521264770516,190.64729522856234,191.81097412109375
2023-07-27,193.3099676892758,194.4736466049838,189.88794029801272,190.54867553710938
2023-07-28,191.97860770429688,193.91151654263126,191.4559363697747,193.12257385253906
2023-07-31,193.34938604539337,193.77344894031904,192.56044337061044,193.73399353027344
2023-08-01,193.52691923606866,194.01013518521242,192.5801849485631,192.90562438964844
2023-08-02,192.34347668203839,192.48154051645844,189.19759252290805,189.91749572753906
2023-08-03,188.92151753100373,189.71044534890663,188.05367887391031,188.52703857421875
2023-08-04,182.95508679019278,184.789371855198,179.40485277798012,179.47389221191406
2023-08-07,179.61197056531847,180.59814508763776,174.89805755245857,176.3773193359375
2023-08-08,177.20569866966517,177.77768168655697,175.1248698685598,177.31417846679688
2023-08-09,178.36941190145535,178.42857997538025,174.5627769846933,175.72647094726562
2023-08-10,176.99860916334498,178.25105509162734,175.14461118800062,175.50949096679688
2023-08-11,175.10461152163393,176.38835756307438,174.34422750725284,175.5687255859375
2023-08-14,175.746520759633,177.44503302668653,175.0947628987085,177.21791076660156
2023-08-15,176.6451590301692,177.23765386072782,174.8380204140677,175.23301696777344
2023-08-16,174.91703015656563,176.30940286172734,174.2948962433497,174.36402893066406
2023-08-17,174.9268647491592,175.29223725703497,171.31258808782235,171.8260955810547
2023-08-18,170.14734105941557,172.91236175457905,169.81159252872837,172.3099822998047
2023-08-21,172.88272795365145,173.92948217703207,171.56934282132403,173.64309692382812
2023-08-22,174.84785755399471,175.46010661888187,174.04797988711957,175.01573181152344
2023-08-23,176.28962468028294,179.28176749229362,176.1019960768648,178.8571319580078
2023-08-24,178.4127876208845,178.8374232276998,173.8110039705464,174.1763916015625
2023-08-25,175.16386577811136,176.91174101480664,173.62335841851225,176.3784942626953
2023-08-28,177.83999456976295,178.33374768816518,176.31924159506977,177.93875122070312
2023-08-29,177.45489519701718,182.5899254092932,177.25739693272806,181.81967163085938
2023-08-30,182.62943856671393,185.5030858470339,182.43194029759772,185.30557250976562
2023-08-31,185.49317264844964,186.75717945843076,185.1376697913831,185.52279663085938
2023-09-01,187.12258052751662,187.54720101813678,185.92769123419916,187.09295654296875
2023-09-05,185.92769881238064,187.60645663383806,185.26607135025952,187.3299560546875
2023-09-06,186.04615504969036,186.4905448774819,179.2027445739978,180.624755859375
2023-09-07,172.99134398653018,175.98350189646143,171.37183427986267,175.34161376953125
2023-09-08,176.12176201867752,177.98814840122637,175.56874581023814,175.95387268066406
2023-09-11,177.82027676778657,178.0473990105972,175.12437356668377,177.119140625
2023-09-12,177.24751388848827,177.87951732730735,172.6358612060169,174.0973663330078
2023-09-13,174.30473020059844,175.08486860955094,171.8063404869434,172.03347778320312
2023-09-14,171.82609096561458,173.89986015970092,171.4113401404273,173.5443572998047
2023-09-15,174.27510652680778,174.29486087176767,171.6483512368518,172.82347106933594
2023-09-18,174.2750855940285,177.13886254322455,173.96896109059597,175.74647521972656
2023-09-19,175.30211073798526,177.38574949277796,174.91698390976052,176.83274841308594
2023-09-20,177.02035765272817,177.45486279571944,173.20858308214417,173.29747009277344
2023-09-21,172.36922214048295,174.0973581099587,171.6878404044714,171.7569580078125
2023-09-22,172.4877052502978,174.86759879629756,171.87545623128412,172.606201171875
2023-09-25,172.02364030992538,174.75903770929708,171.97426196813046,173.88015747070312
2023-09-26,172.63586851438868,173.01111068359924,169.51534481079926,169.8115997314453
2023-09-27,170.4633463371719,170.87809720821267,166.93795639924983,168.3007049560547
2023-09-28,167.2243249736919,169.8807195182162,165.5258128129139,168.55746459960938
2023-09-29,169.87081569769032,170.9077001905232,168.211797495528,169.07093811035156
2023-10-02,169.0808338409062,172.12235512412923,168.79444856905252,171.5792236328125
2023-10-03,170.1078282132375,171.46072207785286,168.6858318118607,170.24607849121094
2023-10-04,168.9524578917983,172.03348795172127,168.8339619515459,171.4903564453125
2023-10-05,171.61871413723316,173.2579782200924,170.52258153582127,172.7247314453125
2023-10-06,171.6285909459562,175.76624458491796,171.016326818613,175.27249145507812
2023-10-09,174.60098214625398,176.81300162773064,173.60360623261292,176.75375366210938
2023-10-10,175.87483897307072,177.4745940017534,175.72670402010016,176.1612091064453
2023-10-11,175.9736336691769,177.60302823490863,175.38113888285298,177.55364990234375
2023-10-12,177.8202822818536,180.0619109305439,176.80313684087554,178.45228576660156
2023-10-13,179.15343884089287,179.6570617634581,175.91441851989305,176.6155548095703
2023-10-16,174.5417330268598,176.84262444155877,174.3047260977915,176.48712158203125
2023-10-17,174.44299912050275,176.19088966345473,172.61612132571108,174.93675231933594
2023-10-18,173.38635072108465,175.36136323860268,172.92222157401596,173.64309692382812
2023-10-19,173.84059314667203,175.61810740546204,173.00122187734726,173.26785278320312
2023-10-20,173.11972583296543,173.22835212793277,170.4830858385587,170.7200927734375
2023-10-23,168.7747380957869,171.83599917885627,167.80697088494813,170.838623046875
2023-10-24,170.88797493724758,171.50022404547477,169.30795876796012,171.27310180664062
2023-10-25,169.73261037900426,170.89786073622298,168.5179666183954,168.9623565673828
2023-10-26,168.2414494672427,169.2388405091802,163.600172706508,164.804931640625
2023-10-27,164.82468576422622,166.8490767618186,164.7456834493569,166.11831665039062
2023-10-30,166.90830774256386,169.0314401165317,166.7601727667049,168.1624298095703
2023-10-31,167.23420217717043,168.76482492650203,165.80230595130433,168.63645935058594
2023-11-01,168.86356825336904,172.0532092124064,167.99455793411695,171.7964630126953
2023-11-02,173.32712561259646,175.55888462715336,173.26787764016203,175.3515167236328
2023-11-03,172.06308417750907,174.61085195895754,171.18420427007575,174.44296264648438
2023-11-06,174.17636920813592,177.18825142381783,174.00849494223715,176.99075317382812
2023-11-07,176.94139988237026,180.1606805785339,176.7340319643902,179.54843139648438
2023-11-08,180.07177947416378,181.15802736111343,179.32126504404005,180.6050262451172
2023-11-09,180.67417400336535,181.81966995293175,179.53853262491765,180.13104248046875
2023-11-10,181.91086536697577,184.48177017271385,181.47578777634308,184.31365966796875
2023-11-13,183.7401702602705,183.9478113332898,182.14818998578377,182.73158264160156
2023-11-14,185.5991101996175,186.0045247766197,184.214786141562,185.34202575683594
2023-11-15,185.7474572062222,187.3789832148446,185.67823345303117,185.90565490722656
2023-11-16,187.4482222334322,188.82266388785246,186.5385061665612,187.58665466308594
2023-11-17,188.12059370194675,188.24914348244,186.4594046371221,187.56686401367188
2023-11-20,187.76462241033667,189.7620174322178,187.75473976876387,189.30715942382812
2023-11-21,189.26759612132614,189.37636552049437,187.61628985249988,188.50621032714844
2023-11-22,189.3467095850447,190.77057938008178,188.6940931656517,189.16871643066406
2023-11-24,188.7336553269539,188.76331834061182,187.13179223741543,187.84373474121094
2023-11-27,187.79429075090235,188.5358962659671,186.7857030257735,187.66574096679688
2023-11-28,187.65581951789036,188.9412718291061,187.28006797313506,188.2688751220703
2023-11-29,188.76331653900834,189.93999969621768,186.85492560121705,187.2504425048828
2023-11-30,187.71517468500207,188.18981305356235,186.08364867108205,187.82394409179688
2023-12-01,188.1996843513192,189.4159130354433,187.11199034893104,189.09950256347656
2023-12-04,187.85360043262926,187.92282418358675,185.35191925319242,187.30975341796875
2023-12-05,188.08104861869373,192.22413865175915,188.05137051787239,191.25511169433594
2023-12-06,192.27356863697858,192.58009647341478,189.95976327032974,190.16741943359375
2023-12-07,191.46276025185608,192.81742141001197,191.42319951100376,192.09559631347656
2023-12-08,192.0263616366492,193.79633503305183,191.50229501018384,193.51947021484375
2023-12-11,190.94856782781682,191.32431940935732,189.2774811684409,191.0177764892578
2023-12-12,190.9189094878757,192.54055280703432,189.57413099725628,192.53067016601562
2023-12-13,192.90642113434447,195.78385412672148,192.66911702808835,195.7443084716797
2023-12-14,195.80361960949875,197.38570218691584,193.96443748585023,195.89260864257812
2023-12-15,195.3191123528845,196.1793699091571,194.79504567055722,195.35867309570312
2023-12-18,193.89523770867535,194.42920214917604,192.21426816132805,193.69747924804688
2023-12-19,193.964464462268,194.74561567460933,193.6974822378966,194.73573303222656
2023-12-20,194.69614571593394,195.46741418063525,192.64932250976562,192.64932250976562
2023-12-21,193.9050960501454,194.8741228719849,191.33419132020353,192.5009765625
2023-12-22,192.9953923922105,193.22282892375426,190.81013681243016,191.43309020996094
2023-12-26,191.4429660781885,191.71983089218512,190.67169765519787,190.8892364501953
2023-12-27,190.33551208827305,191.3342019743918,188.9511728919884,190.9881134033203
2023-12-28,191.96707508718282,192.48125917871982,191.0079306668944,191.41334533691406
2023-12-29,191.72972215657148,192.2241257878035,189.58401220758475,190.37506103515625
2024-01-02,185.05525771688224,186.3308274284663,181.83175174149957,183.56216430664062
2024-01-03,182.15806587250447,183.79948946618282,181.37689972544035,182.18772888183594
2024-01-04,180.11123597031312,181.04071720671112,178.85546161628733,179.87393188476562
2024-01-05,179.95303087035154,180.71440156415224,178.15339449300276,179.15208435058594
2024-01-08,180.0519155054874,183.52263874374273,179.46852282651062,183.4830780029297
2024-01-09,181.8614486084712,183.07767744176536,180.68476543102267,183.0677947998047
2024-01-10,182.28661640904596,184.31365913260458,181.8614214601624,184.10601806640625
2024-01-11,184.45212033242825,184.9564217479187,181.56480461990643,183.51275634765625
2024-01-12,183.97749798089004,184.64989484239166,183.11724039185432,183.8390655517578
2024-01-16,180.12117408812333,182.19766074228528,178.90493002496626,181.57472229003906
2024-01-17,179.24110807963172,180.8825167727283,178.281963767062,180.63531494140625
2024-01-18,184.00715864056133,187.0230241166397,183.7500741577492,186.51873779296875
2024-01-19,187.21091817907703,189.80158889565502,186.70663180624828,189.41595458984375
2024-01-22,190.14763349819026,193.14371820043874,190.1080727596782,191.71983337402344
2024-01-23,192.83719415255706,193.55901922053994,191.660511110776,192.99539184570312
2024-01-24,193.23271418014866,194.18197579456825,192.16480052192722,192.32301330566406
2024-01-25,193.0349547434494,194.07320538533628,190.9485708187439,191.9967041015625
2024-01-26,192.09559590318426,192.58010181757646,189.7916731135176,190.26629638671875
2024-01-29,189.86087972294905,190.04875551955823,187.4580852833725,189.58401489257812
2024-01-30,188.80286821503816,189.65324309628332,185.37170567810733,185.93531799316406
2024-01-31,184.9465411859158,185.00588230760198,182.28666178515888,182.33609008789062
2024-02-01,181.93068222666935,184.85754373397813,181.7625867762094,184.7685546875
2024-02-02,177.84687547061628,185.2332669548565,177.24370243482153,183.76983642578125
2024-02-05,186.04410163536497,187.13179578344227,183.75995901240586,185.57936096191406
2024-02-06,184.76853636353553,187.19111127921153,184.67954732588265,187.1812286376953
2024-02-07,188.50623739169367,188.91165203661865,186.49895962721544,187.29000854492188
2024-02-08,187.27023532431497,187.41855040104747,185.25307484073457,186.21221923828125
2024-02-09,186.77653768433356,188.10324181676,186.1329987846296,186.9745635986328
2024-02-12,186.54880424779185,186.796321504533,184.9349868995182,185.29141235351562
2024-02-13,183.92513863049606,184.36077144619387,181.68757282391297,183.20237731933594
2024-02-14,183.4796068721132,183.6875129162611,180.62820312290157,182.3212127685547
2024-02-15,181.72716915991907,182.65783644316613,179.5490203671251,182.03408813476562
2024-02-16,181.59845842120637,183.0142649801448,179.86583763061847,180.49948120117188
2024-02-20,179.98463913307552,180.61828269677792,178.21242224791314,179.75692749023438
2024-02-21,180.13315310757224,181.0737156195715,178.8658660184515,180.50938415527344
2024-02-22,181.65787110291916,183.1231842228548,180.64801151557128,182.53903198242188
2024-02-23,183.1726595934398,183.20236045475278,180.4202689919066,180.7073974609375
2024-02-26,180.43017719516277,180.94500218994074,178.8559560281093,179.36090087890625
2024-02-27,179.3014951345761,182.09348175278842,177.77678047240937,180.81629943847656
2024-02-28,180.69750358801915,181.30144633523983,178.34114943443706,179.6183319091797
2024-02-29,179.46984202762675,180.75693496542868,177.74711623943745,178.9550018310547
2024-03-01,177.76690051629518,178.73716395290236,175.61845249589473,177.8758087158203
2024-03-04,174.400628974546,175.14318064223312,172.06406578926712,173.36106872558594
2024-03-05,169.0641855800497,170.33147275577412,167.93550746706842,168.4305419921875
2024-03-06,169.3612273012443,169.53944760498507,167.00485787713032,167.44049072265625
2024-03-07,167.47017484778516,169.0344857697736,166.81674075207243,167.32167053222656
2024-03-08,167.32166963491963,171.9749911536114,167.26226790901475,169.03448486328125
2024-03-11,171.2225546353428,172.6482565736913,170.34139373001014,171.03443908691406
2024-03-12,171.43045147590772,172.3017170819102,169.31170429451927,171.50965881347656
2024-03-13,171.05423942259554,171.4700666239107,169.06419090034882,169.43052673339844
2024-03-14,171.19286456313577,172.57895536432744,170.34140446890183,171.28196716308594
2024-03-15,169.47013396047814,170.90573120117188,168.5988682774061,170.90573120117188
2024-03-18,173.82643054023092,175.94517770513775,171.7967859641753,171.9947967529297
2024-03-19,172.6086191723699,174.85607994565953,171.31163124958826,174.3313446044922
2024-03-20,173.97494430389506,176.89564514160156,173.35119593354977,176.89564514160156
2024-03-21,175.29173693263047,175.72736975318543,169.14340118299,169.6681365966797
2024-03-22,170.05425166968308,171.33144918231721,168.37113733503185,170.569091796875
2024-03-25,168.87608692531137,170.2324767040703,167.76719930445816,169.15330505371094
2024-03-26,168.31174106723407,169.71763732680742,167.8959138727621,168.02462768554688
2024-03-27,168.71767294274684,171.87599567632833,168.42064920188324,171.5888671875
2024-03-28,170.0443614510728,170.51959037094832,168.81667037520143,169.77703857421875
2024-04-01,169.48992969134684,169.54933141950085,167.79690490268092,168.34144592285156
2024-04-02,167.40087579338118,167.65828830624176,166.55931106297376,167.1632537841797
2024-04-03,167.11374996517486,168.98497988400436,166.90584392266877,167.9652099609375
2024-04-04,168.59885072968464,170.21266810452119,167.14346313476562,167.14346313476562
2024-04-05,167.90578453281648,168.6978426903414,167.27214102824712,167.89588928222656
2024-04-08,167.35138730592178,167.51969724864153,166.56923932419392,166.7771453857422
2024-04-09,167.02466284236104,168.3909631058002,166.6781477036779,167.9850311279297
2024-04-10,167.1236748074244,167.41078821247058,165.45045553411236,166.11380004882812
2024-04-11,166.66822184170525,173.7175238179071,166.49001666248702,173.3016815185547
2024-04-12,172.52942533467058,176.5887144383463,172.47993396851362,174.79669189453125
2024-04-15,173.61848833629102,174.87588010863277,170.78689058947398,170.97500610351562
2024-04-16,170.0443499195711,172.03438316124112,166.59891404642835,167.69789123535156
2024-04-17,167.92563121825307,168.95529649982927,166.3316192626953,166.3316192626953
2024-04-18,166.36127717179573,166.96521980912772,164.8959794200199,165.381103515625
2024-04-19,164.559379327856,164.74747975255278,162.45052746983075,163.36138916015625
2024-04-22,163.8762094876148,165.59891971474525,163.1336578084027,164.19302368164062
2024-04-23,163.7079130900853,165.391027347015,163.28217556978177,165.2425079345703
2024-04-24,164.88609429896647,167.6186945681344,164.55938480415762,167.3414764404297
2024-04-25,167.84644006349347,168.91571667477083,166.4801396534294,168.20286560058594
2024-04-26,168.19293999888993,169.63843239437367,167.49987955768663,167.6186981201172
2024-04-29,171.64826373021612,174.28185098854456,171.38095596804143,171.7769775390625
2024-04-30,171.60868084411632,173.2521991943247,168.31174889120035,168.6384735107422
2024-05-01,167.8959162536964,170.99483730573115,167.43058257791944,167.6186981201172
2024-05-02,170.79682058773386,171.69778712393833,169.19291342760516,171.31166076660156
2024-05-03,184.7963988764884,185.14292911827533,180.84603267784937,181.5588836669922
2024-05-06,180.5390848280799,182.37070337959045,178.62824383792136,179.9054412841797
2024-05-07,181.62818342205114,183.06378067502382,179.5193463953144,180.58860778808594
2024-05-08,181.0341248704048,181.25194126160505,179.64801918938014,180.9252166748047
2024-05-09,180.74699689996783,182.82614787366472,180.3014688648197,182.73704528808594
2024-05-10,183.31206939842306,183.50044009541958,180.56586910059414,181.47796630859375
2024-05-13,183.84743912898392,185.49318663872077,183.0344740478803,184.6802215576172
2024-05-14,185.89965779253163,186.6828817403559,184.6901339480471,185.82034301757812
2024-05-15,186.29621459797372,189.0126735344407,185.76084369802737,188.09066772460938
2024-05-16,188.83423487080034,189.458829238671,188.03119361367854,188.2096405029297
2024-05-17,187.8824709799172,189.1713095252472,187.55530322495105,188.2393798828125
2024-05-20,187.70403175639103,190.2717851507536,187.38677266186554,189.3993377685547
2024-05-21,189.44890089382775,191.07481584379752,189.28036268210627,190.69808959960938
2024-05-22,190.6187885434668,191.16406816634918,188.63596455316463,189.2605438232422
2024-05-23,189.33981892460397,189.3596513961204,185.027186725998,185.27503967285156
2024-05-24,187.19839293954828,188.94327235106317,186.4250777783575,188.34841918945312
2024-05-28,189.86530324069457,191.3425125399711,187.4760118609873,188.35836791992188
2024-05-29,187.9815936912238,190.5989202616182,187.88244645923604,188.65574645996094
2024-05-30,189.12173915319045,190.52954231443272,188.99286588586446,189.64718627929688
2024-05-31,189.7958815743219,190.916181773766,188.27902269727937,190.5989227294922
2024-06-03,191.24334718637152,193.31540952983562,190.86662095571478,192.3636474609375
2024-06-04,192.96841099700254,193.64257895328527,191.37223723797064,192.680908203125
2024-06-05,193.7219165766253,195.20903471348092,193.1964693784895,194.18788146972656
2024-06-06,194.0093990023229,194.81244022862765,192.50244866402238,192.80978393554688
2024-06-07,192.97832848334124,195.24867030234284,192.47271383884646,195.1990966796875
2024-06-10,195.20899197297106,195.60556579928584,190.49978557066368,191.46145629882812
2024-06-11,191.98691085726122,205.38089548057218,191.96709351098235,205.3709716796875
2024-06-12,205.58908283581826,218.30889945026047,205.1231180281253,211.24014282226562
2024-06-13,212.8957913864929,214.88852380834695,209.782758705521,212.40008544921875
2024-06-14,212.01345147179217,213.32210737882852,209.4853479747781,210.66513061523438
2024-06-17,211.5375569916551,217.06963733267014,210.8931452933454,214.80921936035156
2024-06-18,215.7213082393038,216.7523850703462,211.17073132176122,212.44964599609375
2024-06-20,212.09275812722348,212.40010854906527,207.0563985691976,207.87925720214844
2024-06-21,208.58317289420788,210.07029091430852,205.33134270047418,205.7080841064453
2024-06-24,205.93608683303725,210.87331399723786,204.8157865138524,206.35247802734375
2024-06-25,207.35380525957078,209.5646648210329,206.81844945769743,207.27450561523438
2024-06-26,209.68362348048936,213.01476817493463,208.8310086144187,211.41859436035156
2024-06-27,212.8462361886446,213.88722177256454,210.5263358320774,212.2613067626953
2024-06-28,213.91695291908772,214.21437951883613,208.4939285392998,208.81117248535156
2024-07-01,210.26855134899324,215.64200216221636,210.10001313722785,214.88853454589844
2024-07-02,214.29369867156123,218.48738234159504,213.2527281692765,218.37832641601562
2024-07-03,218.11061688690268,219.64730834960938,217.14894613859082,219.64730834960938
2024-07-05,219.74645469045154,224.50523511983306,219.74645469045154,224.39617919921875
2024-07-08,225.13972278278513,225.89320550199054,221.3327047505454,225.86346435546875
2024-07-09,225.97253595078877,227.42991284004066,224.4259356098064,226.71609497070312
2024-07-10,227.3307526887298,231.07828847688273,227.28117906796422,230.97914123535156
2024-07-11,229.40281699319425,230.39422897123262,223.83108651749725,225.61563110351562
2024-07-12,226.9540218514806,230.64207551688347,226.71607753741577,228.5601043701172
2024-07-15,234.44910163171727,235.1926606193721,231.0882156126273,232.386962890625
2024-07-16,232.98179160349451,234.24088892580107,230.3347237014565,232.8033447265625
2024-07-17,227.47946461019197,229.47221227385296,224.69359950369105,226.91436767578125
2024-07-18,228.3023336745397,228.46096321097224,220.36112971273346,222.2547149658203
2024-07-19,222.88925101284036,224.85224251867803,221.36246807560826,222.3836212158203
2024-07-22,225.06043082550624,225.82382229500527,221.17409763275575,222.03663635253906
2024-07-23,222.44308791792702,224.9910238167192,220.76759935066607,223.0775909423828
2024-07-24,222.07627816799848,222.86941075843336,215.26528287042115,216.6631622314453
2024-07-25,217.0497975364767,218.95332167523742,212.77681471652627,215.62217712402344
2024-07-26,216.82180047841348,217.60502442671483,214.15489978899527,216.08816528320312
2024-07-29,215.09676223529075,217.41666277155184,213.89714701413598,216.3657684326172
2024-07-30,217.3075789949067,218.43778796730905,214.2639371695869,216.92092895507812
2024-07-31,219.53825698895486,221.89782218872546,218.7352157578384,220.17276000976562
2024-08-01,222.44309097566543,222.55214689360594,215.15622233135366,216.48471069335938
2024-08-02,217.2679231335739,223.66254232334134,215.84030263063204,217.97183227539062
2024-08-05,197.38018251460616,211.6664309709882,194.3167235143498,207.47276306152344
2024-08-06,203.53686913101606,208.18659343179937,199.34320096724198,205.45028686523438
2024-08-07,205.12313014700663,211.80525225793107,204.61751548926864,208.01806640625
2024-08-08,211.27979376271134,212.36042911915672,207.03655197769595,211.4780731201172
2024-08-09,210.2784595957283,214.9182597959333,210.1495712142523,214.38290405273438
2024-08-12,214.46235526228747,217.87674748817912,213.99585104906322,215.91148376464844
2024-08-13,217.38043273085663,220.2390087017958,217.38043273085663,219.62362670898438
2024-08-14,218.92885985517657,221.37054778476931,218.06532277692483,220.07029724121094
2024-08-15,222.9288560878089,223.67327566716008,221.1025352094067,223.04795837402344
2024-08-16,222.25393109506462,225.1422830006272,221.98593577772976,224.3680877685547
2024-08-19,224.0405257400108,224.30852103873067,221.38045847347976,224.20925903320312
2024-08-20,224.09017687092657,225.4797542015927,223.7725505409132,224.8246612548828
2024-08-21,224.8345868015738,226.28371522001356,223.37552309496598,224.71546936035156
2024-08-22,226.09512887719345,226.64103964823346,222.23407290784718,222.85939025878906
2024-08-23,223.9809934126029,226.5219434569281,222.66088738350675,225.15220642089844
2024-08-26,225.0727813784282,225.58891654674125,222.22414052811973,225.48965454101562
2024-08-27,224.31844891527626,227.14724957253156,223.21670725505913,226.33334350585938
2024-08-28,226.22416240429726,228.149730282918,224.00082364270057,224.8048095703125
2024-08-29,228.38798270436632,231.18699305630895,227.17705871348252,228.0802764892578
2024-08-30,228.4772602189495,228.68568922028223,225.78741746908054,227.29611206054688
2024-09-03,226.84949624301046,227.29614502733148,219.52440165721936,221.1125030517578
2024-09-04,220.01074262314262,220.12984491677884,215.86183603349318,219.20677185058594
2024-09-05,219.98098315180297,223.80232842315377,219.87180099289256,220.72540283203125
2024-09-06,222.2837029728863,223.56411324365834,218.13481142105056,219.177001953125
2024-09-09,219.17698492990527,219.62363365317324,215.0975649862482,219.2663116455078
2024-09-10,217.29112653781655,219.83207646515766,215.1174187834135,218.47227478027344
2024-09-11,219.81224273641337,221.4301044903715,216.26879790334314,221.00331115722656
2024-09-12,220.84450772306226,221.88669831664953,218.18445530425632,221.1125030517578
2024-09-13,221.91644846858938,222.37301734416337,220.25887596851652,220.844482421875
2024-09-16,214.9288136198369,215.6037619118882,212.32831274384958,214.71046447753906
2024-09-17,214.14470101422842,215.2861383219032,212.90400170360138,215.1769561767578
2024-09-18,215.9313221513165,221.05293280374121,215.92138686335736,219.04795837402344
2024-09-19,223.31597824995185,228.11004268622213,222.95865620671253,227.16709899902344
2024-09-20,228.2589097535001,231.3556905514529,225.92638886705737,226.5020751953125
2024-09-23,225.64846451262724,227.742765583781,224.12984974700805,224.78494262695312
2024-09-24,226.94871280288095,227.64351653597865,224.05044101841318,225.67823791503906
2024-09-25,223.2563961324406,225.59883710649478,222.35317851779175,224.68568420410156
2024-09-26,225.60876888531146,226.7998372114188,223.73283210674714,225.82713317871094
2024-09-27,226.7601514881057,227.81226214161182,225.6087788258606,226.09512329101562
2024-09-30,228.3283747151782,231.266357421875,227.9412771261621,231.266357421875
2024-10-01,227.81227091446172,227.94129335648356,222.0752779583648,224.5269012451172
2024-10-02,224.2092739820147,225.67825786117984,221.36063294746157,225.0926513671875
2024-10-03,223.4648504260935,225.12242301224842,221.65839996957536,223.99090576171875
2024-10-04,226.20429410810965,226.3035561118749,222.46235586119454,225.11248779296875
2024-10-07,222.8296172342201,224.01076551273388,219.68320530273118,220.04052734375
2024-10-08,222.63110049734397,224.298593199742,221.58890998571715,224.0901641845703
2024-10-09,223.55416342639623,228.0405364361267,223.15714569962594,227.83209228515625
2024-10-10,226.0851807689644,227.7923841625437,225.47971892420364,227.33580017089844
2024-10-11,227.5938974682738,227.70307961960657,225.6484741750507,225.85691833496094
2024-10-14,226.99837948655343,230.00583388937218,226.89913261283547,229.57904052734375
2024-10-15,231.87182665313995,235.7229623804217,230.6410474142004,232.11004638671875
2024-10-16,229.87676649695567,230.39288648800354,228.1298522341637,230.055419921875
2024-10-17,231.6931740173152,232.11006236609234,228.80483716826546,230.42269897460938
2024-10-18,234.4226930307779,234.4226930307779,232.26884075534687,233.25148010253906
2024-10-21,232.7055644739604,235.08771628667242,232.7055644739604,234.720458984375
2024-10-22,232.14971356587586,234.4623787465114,230.86931862526646,234.1050567626953
2024-10-23,232.33830371042365,233.39041424004768,226.06532109909307,229.04299926757812
2024-10-24,228.26884002769643,229.10260155629064,226.710529416834,228.85446166992188
2024-10-25,228.03064447383113,231.48474758840828,227.86191116183892,229.68821716308594
2024-10-28,231.58395391704408,232.98345108474456,230.81967897982565,231.66334533691406
2024-10-29,231.36561495313973,232.5864588417728,230.59141979007921,231.93136596679688
2024-10-30,230.8792736886572,231.73287549326048,227.8420439394486,228.38795471191406
2024-10-31,227.63358238786932,228.11994197442104,223.693120129287,224.22911071777344
2024-11-01,219.32588166379162,223.67329727363756,218.63109301833273,221.25144958496094
2024-11-04,219.34572401852256,221.13231895883285,218.0752491010658,220.35812377929688
2024-11-05,220.14968230766976,222.28367900181775,219.49458945583885,221.7873992919922
2024-11-06,220.95365355112233,224.38791581537038,219.54422098922427,221.06283569335938
2024-11-07,222.95865940199351,226.18447798056903,222.89910825147632,225.78744506835938
2024-11-08,225.72779283046052,227.2083389148385,224.9726232043034,225.51913452148438
2024-11-11,223.57158868270503,224.26714170400084,220.0938084143074,222.8064727783203
2024-11-12,223.12444853772337,224.15783943194586,221.9420008205612,222.8064727783203
2024-11-13,222.58788780053936,225.2111273985325,221.34582330978657,223.6908416748047
2024-11-14,223.5914518391994,227.41700079571672,223.5715745650122,226.77113342285156
2024-11-15,224.96268496170848,225.4793879673537,222.84621765747355,223.5715789794922
2024-11-18,223.8199993254601,228.28149999782985,223.74050538640262,226.57241821289062
2024-11-19,225.53902995111423,228.69884983965085,225.2210693317313,226.83078002929688
2024-11-20,226.61215353970658,228.47027695087482,224.45593165289552,227.5461883544922
2024-11-21,227.42695953023323,228.69883223369175,224.2770861035494,227.06924438476562
2024-11-22,226.61216818417898,229.25528492407807,226.61216818417898,228.41067504882812
2024-11-25,229.99059491471002,231.76922452168117,228.2815130321861,231.39163208007812
2024-11-26,231.8486905145537,234.07447518116308,231.8486905145537,233.5677032470703
2024-11-27,232.98145117337265,234.19370712659864,232.32563759305353,233.4385223388672
2024-11-29,233.31931239062584,236.3002669685808,232.48464874765904,235.8233184814453
2024-12-02,235.76370602927642,239.26134854667043,235.65440375298792,238.0689697265625
2024-12-03,238.28756099978403,241.21882985808793,237.3833345065081,241.10952758789062
2024-12-04,241.32812877991805,242.5602620666903,239.71841824290905,241.4672393798828
2024-12-05,242.44105143123323,242.98754766386446,240.59285890906452,241.4970703125
2024-12-06,241.36788746709487,243.0769692456264,240.5431549096241,241.29832458496094
2024-12-09,240.29473874492055,245.67039687977774,240.21524480725012,245.18350219726562
2024-12-10,245.32260336553807,246.63423054379348,243.78244060146582,246.197021484375
2024-12-11,246.38585520914904,249.20782208911243,244.69663537468304,244.92518615722656
2024-12-12,245.32260415969785,247.1608653940442,244.1202792424049,246.3858184814453
2024-12-13,246.24671899982582,247.70737273801882,244.67674782957272,246.55474853515625
2024-12-16,246.4156487620838,249.7841268474892,246.07779571830554,249.44627380371094
2024-12-17,248.49236434269267,252.21855739876366,248.19426586582333,251.8707733154297
2024-12-18,250.55918941684527,252.66572594292316,246.16725119368886,246.47528076171875
2024-12-19,245.92875304737495,250.4001849209636,245.52135228225407,248.20420837402344
2024-12-20,246.4653249902114,253.3811464831127,244.13025293349912,252.8743896484375
2024-12-23,253.15258832932108,254.02699130961165,251.84096111600803,253.6494140625
2024-12-24,253.868019379837,256.5707374276886,253.66927695641888,256.5608215332031
2024-12-26,256.55086249805703,258.44874034869076,255.99442012888886,257.3755798339844
2024-12-27,256.19314630806485,257.05764856283577,251.45343969164696,253.96737670898438
2024-12-30,250.6287158030117,251.890657464443,249.15811581542044,250.59890747070312
2024-12-31,250.83738041728796,251.6720440162376,247.84647977817443,248.8302001953125
2025-01-02,247.34966196417784,247.51859606258614,240.28481431614935,242.3019256591797
2025-01-03,241.81503295898438,242.62981931594805,240.3543640210219,241.81503295898438
2025-01-06,242.7589734384258,245.75980494056867,241.65601976736147,243.44459533691406
2025-01-07,241.43743349025635,243.99112508347835,239.81779188041267,240.67233276367188
2025-01-08,240.38417847646193,242.1628232218062,238.52605495049286,241.1592254638672
2025-01-10,238.48628640867517,238.63534322792128,231.52079498772144,235.3463592529297
2025-01-13,232.04740863292375,233.18017061465545,228.26159925087094,232.91188049316406
2025-01-14,233.25969544364762,234.62099318079112,230.99417118008773,231.7990264892578
2025-01-15,233.1503884256181,237.4429702030776,232.94171493841435,236.35987854003906
2025-01-16,235.8432019589194,236.4990004602556,226.58236221549976,226.81089782714844
2025-01-17,230.64637201374376,230.81529094249188,227.0294813062853,228.51995849609375
2025-01-21,222.57792910461188,222.99526090225285,217.98726416864307,221.2265625
2025-01-22,218.39465138442915,222.6971640978084,218.39465138442915,222.4090118408203
2025-01-23,223.3132578125695,225.58871322146769,220.88874557201237,222.2401123046875
2025-01-24,223.35297985225768,224.19758968028435,220.00437919561992,221.3656768798828
2025-01-27,222.5978054024586,230.67618150163648,222.5580508531902,228.40072631835938
2025-01-28,229.3844597561093,238.66516132615985,229.3447052045828,236.74740600585938
2025-01-29,232.6336842670617,238.33724933385383,232.52438199561368,237.84042358398438
2025-01-30,237.1547951903121,239.26133146080375,235.7040725307193,236.08164978027344
2025-01-31,245.62071750771995,245.62071750771995,231.95800933839706,234.5017547607422
2025-02-03,228.52991033796462,230.35822543026035,224.2671369795404,226.56246948242188
2025-02-04,225.80729852188347,231.64997406812495,225.21110156992967,231.3220672607422
2025-02-05,227.07916670947125,231.19288314320298,226.82082278842498,230.99415588378906
2025-02-06,229.8216550685821,232.31573010563136,228.96711414866223,231.73941040039062
2025-02-07,231.12335539671392,232.5144614947352,225.81724462416,226.18490600585938
2025-02-10,228.36336710225459,229.3779949636392,226.005813710008,226.4534454345703
2025-02-11,227.000572314181,233.99362125199642,226.93094812871882,231.3973388671875
2025-02-12,229.98481838871234,235.71455375787428,229.4675472393098,235.62501525878906
2025-02-13,235.66480095549997,241.06625350434595,234.33184765944378,240.26051330566406
2025-02-14,239.981993568851,244.25939586817944,239.72336558929686,243.31439208984375
2025-02-18,242.86674847770814,243.8913336127375,240.56889220053384,243.18507385253906
2025-02-19,243.37407429304395,244.716969605811,241.88195827091008,243.5829620361328
2025-02-20,243.6525813389452,245.4829065325138,243.00598867544505,244.53790283203125
2025-02-21,244.6572756706751,247.38287960480025,243.93111682470231,244.25938415527344
2025-02-24,243.64264638435856,247.55199828948733,243.1353323966777,245.80125427246094
2025-02-25,246.69650753214344,248.68599549611233,243.62275227067275,245.74154663085938
2025-02-26,243.04579925662603,243.6923767743236,237.87313357927937,239.09666442871094
2025-02-27,238.15169082894494,241.18566339775504,235.8140361008641,236.0527801513672
2025-02-28,235.70458076540925,240.8175641664438,228.9900589647863,240.56887817382812
2025-03-03,240.51916291712755,242.74739510665418,234.86902386386396,236.7789306640625
2025-03-04,236.46059966619734,238.80819608105105,233.44651142335266,234.68994140625
2025-03-05,234.18263593082168,235.30670153327668,228.0251680036218,234.50096130371094
2025-03-06,233.20778757123546,236.60981025581015,231.93451645578955,234.09310913085938
2025-03-07,233.87428329281295,240.1013758235538,233.52611679034464,237.8134765625
2025-03-10,234.30201287196223,234.9187645202326,223.04151782981955,226.2843780517578
2025-03-11,222.63366659789358,224.65299583409444,216.3070937419303,219.6792755126953
2025-03-12,218.98294858814833,220.58448707211764,213.7804415985268,215.8395538330078
2025-03-13,214.81496040955514,215.70028194858565,207.3245394208188,208.57791137695312
2025-03-14,210.13967261110687,212.8254784087618,208.4784519318959,212.36790466308594
2025-03-17,212.18885305172668,214.08881784956162,208.86641153353526,212.87522888183594
2025-03-18,213.0343879953175,214.019174884069,210.3784232206469,211.57211303710938
2025-03-19,213.0940452987452,217.61017604964766,212.62651443867486,214.1086883544922
2025-03-20,212.86527847830126,216.3468825511506,211.10457731145533,212.97470092773438
2025-03-21,210.4480334492585,217.68976839110027,210.16950634984832,217.12277221679688
2025-03-24,219.83843988574125,220.31591279023903,217.43116105321957,219.56985473632812
2025-03-25,219.6096416779903,222.92214108802088,218.92326587520165,222.573974609375
2025-03-26,222.33523531503357,223.83730853242594,219.3112201065871,220.3656463623047
2025-03-27,220.2263848697343,223.80746952519274,219.40074548587612,222.6734619140625
2025-03-28,220.50488863250547,222.63364006926244,216.5358548246797,216.75469970703125
2025-03-31,215.86939419548492,224.43414081005062,215.09349507460487,220.96249389648438
2025-04-01,218.65468232589998,222.50433685640354,217.749461617725,222.0169219970703
2025-04-02,220.15677238154151,224.006427206847,219.85834611462542,222.7132568359375
2025-04-03,204.4596791341039,206.39944211542388,200.19223396809613,202.12203979492188
2025-04-04,192.87091122900438,198.82943318150367,186.3553350717911,187.38987731933594
2025-04-07,176.26863687444822,193.12954493623218,173.70219548773406,180.50625610351562
2025-04-08,185.71870692843436,189.33957458197378,168.32064359895526,171.51376342773438
2025-04-09,171.04623198001363,199.55559936553783,170.98654976711688,197.8048553466797
2025-04-10,188.07623328279777,193.75621235587465,182.03813062603746,189.41912841796875
2025-04-11,185.12188160037283,198.49122944739574,185.0820833366806,197.10853576660156
2025-04-14,210.32866545443895,211.82078139531484,200.10269875392328,201.45555114746094
2025-04-15,200.7990180691496,202.44033954558066,198.74984792281177,201.07754516601562
2025-04-16,197.31740026825653,199.64509734735063,191.35887885331948,193.2489013671875
2025-04-17,196.16351652823,197.78495412822454,193.39812938355274,195.94467163085938
2025-04-21,192.25415204712533,192.78136508405416,188.81233157759124,192.1447296142578
2025-04-22,195.08918671811182,200.53043756485187,194.93998119085117,198.69017028808594
2025-04-23,204.9172632087338,206.9067512010516,201.7340854567431,203.52462768554688
2025-04-24,203.81309077731203,207.73238443559362,201.87334307751462,207.27479553222656
2025-04-25,205.28531450927932,208.6475540878433,205.1162098506388,208.18002319335938
2025-04-28,208.89624364686077,210.38835967290976,206.3696005213303,209.03550720214844
2025-04-29,207.59314001435672,211.12448445804597,207.27481462988695,210.0998992919922
2025-04-30,208.19990958730307,212.45741243436711,205.58372816909105,211.38308715820312
2025-05-01,207.98107159612528,213.43226431553572,207.8020097882055,212.19879150390625
2025-05-02,205.00680709347017,205.9020858869881,201.09747008207196,204.2707061767578
2025-05-05,202.03251395918386,203.02725796650907,197.1682163705072,197.84463500976562
2025-05-06,197.1682179665783,199.59538061408486,195.98447015970467,197.4666290283203
2025-05-07,198.12317194216024,198.3917570874617,192.23428894820486,195.21852111816406
2025-05-08,196.68079799363124,198.99855348942916,193.65676753221484,196.45201110839844
2025-05-09,197.95407268173315,199.4859718922483,196.5017396407649,197.48654174804688
2025-05-12,210.13634313336473,210.435160708662,205.93301745006437,209.95704650878906
2025-05-13,209.5984864444124,212.55675181657614,208.1741443311085,212.08860778808594
2025-05-14,211.59057778761635,213.09462076548897,209.74789716231066,211.49098205566406
2025-05-15,210.11643191755599,212.11849916658366,208.71199985896817,210.6144561767578
2025-05-16,211.52086084946143,211.73003772257164,208.94109887256835,210.42520141601562
2025-05-19,207.0884445111699,208.65223273202483,203.45285841572866,207.9550018310547
2025-05-20,206.84938410987283,207.64622592622177,204.2198167548668,206.04258728027344
2025-05-21,204.3592586621154,206.22186440009241,199.91689108628387,201.2914276123047
2025-05-22,199.91690559460176,201.94883789272,198.91088686006037,200.5643310546875
2025-05-23,192.9046989896,196.91877297523902,192.6955373289648,194.49838256835938
2025-05-27,197.51641281084125,199.94677348688452,196.64984031499387,199.4188690185547
2025-05-28,199.79736291846774,201.9289060786693,199.11008702875665,199.62803649902344
2025-05-29,202.77554227533128,203.0046291598645,197.72556941325453,199.15988159179688
2025-05-30,198.5821728136608,201.1619498266407,196.00241099917397,200.05633544921875
2025-06-02,199.48856723355908,201.3312628058232,199.32919584599733,200.9029541015625
2025-06-03,200.55437033168948,202.96480586317466,200.16591202699755,202.46678161621094
2025-06-04,202.10819540070028,205.42503857555045,201.30139858491114,202.0185546875
2025-06-05,202.69585814733983,203.94091870107042,199.35908978394463,199.8372039794922
2025-06-06,202.19783403313102,204.8871617909174,201.2515910514923,203.11419677734375
2025-06-09,203.58233063284266,205.18596915505242,199.22960401477,200.65394592285156
2025-06-10,199.8073282051838,203.54250994980842,199.77744796710627,201.869140625
2025-06-11,202.69585666840098,203.69190510411792,197.62597377823997,197.9945068359375
2025-06-12,198.29333609984755,198.890956077424,196.58013147350607,198.41285705566406
2025-06-13,198.94077463318544,199.57824510364554,194.92670015226577,195.67373657226562
2025-06-16,196.52037110088898,197.90487790098294,195.78328974313985,197.6359405517578
2025-06-17,196.4207613301707,197.6060614779548,194.43863454049264,194.86692810058594
2025-06-18,195.16573699325735,196.7893008408277,194.2991796996429,195.80320739746094
2025-06-20,197.45666110928434,200.90298042554332,196.08210930882012,200.20574951171875
2025-06-23,200.83324176458547,201.50059236215068,198.1737943867686,200.70375061035156
2025-06-24,201.78945874554142,202.63610603642124,199.4089034764897,199.50851440429688
2025-06-25,200.65396860223956,202.8651975026319,199.82724651799433,200.76353454589844
2025-06-26,200.63404307360597,201.8392684520338,198.67184150130464,200.20574951171875
2025-06-27,201.09222774816857,202.41697405518968,199.20969672208463,200.28543090820312
2025-06-30,201.211736268348,206.57048164253425,198.4726031076903,204.3592529296875
2025-07-01,205.85334490237685,209.35943993298892,205.32544040497007,206.99880981445312
2025-07-02,208.08449026524102,212.49697770796604,207.31752868499885,211.6005401611328
2025-07-03,211.31166931275297,213.8017903991559,210.97301649264048,212.70614624023438
2025-07-07,211.83958469799765,215.37555986284275,207.97492690746134,209.12037658691406
2025-07-08,209.26978591644843,210.59451698338924,207.6262968509882,209.1801300048828
2025-07-09,208.7020103462271,210.4949004226829,206.4011410808137,210.30564880371094
2025-07-10,209.67816220166208,212.63642743345136,209.2000631819418,211.57066345214844
2025-07-11,209.73792710960444,211.29176024279,209.03072603053,210.32559204101562
2025-07-14,209.10042946873696,210.07656782568804,206.719874444485,207.7956085205078
2025-07-15,208.39325734338402,211.05270487364396,208.09443976951917,208.28369140625
2025-07-16,209.4689902412225,211.5606828488181,207.8155461810567,209.3295440673828
2025-07-17,209.7379236663323,210.96305897069354,208.761785269157,209.19009399414062
2025-07-18,210.0367321724359,210.95309492429405,208.87135730762196,210.3455047607422
2025-07-21,211.26189276464606,214.92734394651046,210.79374875413163,211.640380859375
2025-07-22,212.29776458434165,214.1006098348481,211.39135685335447,213.5527801513672
2025-07-23,214.15041924441525,214.29982043425818,211.57065737650467,213.30377197265625
2025-07-24,213.05475989741393,214.83769515517375,212.68622683006964,212.91531372070312
2025-07-25,213.85158759699283,214.38946224202752,212.55672164240056,213.0348358154297
2025-07-28,213.18426788884761,214.00103498726418,212.21809958876685,213.20419311523438
2025-07-29,213.33365491441555,213.96117031669576,209.9869466315705,210.43516540527344
2025-07-30,211.06265157316113,211.55072076453234,206.89917652304968,208.2239227294922
2025-07-31,207.66614913739534,209.01080544085684,206.3414028602417,206.74978637695312
2025-08-01,210.03673342752194,212.73603143542957,200.7037642416869,201.58029174804688
2025-08-04,203.70186769022786,207.0585613783641,200.88304868853191,202.5464630126953
2025-08-05,202.59626309701343,204.5285996595603,201.36117265797924,202.1181640625
2025-08-06,204.81744899810374,214.52892145014,204.77759854868273,212.40733337402344
2025-08-07,218.01508808955717,219.97730473834642,215.7241736307253,219.16053771972656
2025-08-08,219.95737356583322,230.08718413442585,218.3836152444713,228.44371032714844
2025-08-11,227.27701087414155,228.91238364576833,224.12592192869855,226.53909301757812
2025-08-12,227.36674823663387,230.14888579943394,226.429412881848,229.0021209716797
2025-08-13,230.4181341091737,234.33703985510917,229.77992501054072,232.6717529296875
2025-08-14,233.39969406647393,234.4567012802976,230.19875827485632,232.12330627441406
2025-08-15,233.33985018068216,233.6190590405621,228.69299310222902,230.9366455078125
2025-08-18,231.04634466466607,232.46233685580373,229.46083388892833,230.23863220214844
2025-08-19,230.62753117126795,232.2130419457167,228.70298322789472,229.90956115722656
2025-08-20,229.33119207499826,229.81981519856654,225.13307755654054,225.3723907470703
2025-08-21,225.63166356522294,225.88095827873425,223.14868274098328,224.26551818847656
2025-08-22,225.53193619713707,228.44369658121065,224.77408575714253,227.11744689941406
2025-08-25,225.84106025439092,228.6531118971015,225.59176554347297,226.51914978027344
2025-08-26,226.22996704217394,228.84258604761433,224.05612439304167,228.6630859375
2025-08-27,227.96506627689797,230.24859923631865,227.6160475796746,229.8397674560547
2025-08-28,230.16884905542523,232.75153884501827,228.69301327644948,231.9039306640625
2025-08-29,231.85405874294378,232.7216147258446,230.71727541448905,231.485107421875
2025-09-02,228.6032698757151,230.19876225122124,226.32970313085187,229.0719451904297
2025-09-03,236.5408165177042,238.17618932549604,233.69885053091846,237.79725646972656
2025-09-04,237.7772812570227,239.22318747047024,236.07211403385233,239.10353088378906
2025-09-05,239.3229322237051,240.63921565449175,237.8171975861315,239.01380920410156
2025-09-08,238.62491556233425,239.47250850410185,235.6732593017711,237.20892333984375
2025-09-09,236.33140663047269,238.10638391026913,232.70167593051625,233.6888885498047
2025-09-10,231.53496736029473,231.76431424305812,225.31256565050364,226.1501922607422
2025-09-11,226.23995033725743,229.7998710451417,226.010588238333,229.3810577392578
2025-09-12,228.57335925244223,233.84842918261825,228.373926506362,233.40968322753906
2025-09-15,236.33139853346725,237.5180438551372,234.36695488957946,236.03224182128906
2025-09-16,236.51088466190768,240.53949594661788,235.65332541334,237.4781494140625
2025-09-17,238.2958480596019,239.42266510979977,237.05934071942244,238.3157958984375
2025-09-18,239.29302360434258,240.51954939992544,235.98238232851827,237.20892333984375
2025-09-19,240.5494606794321,245.60516498271895,239.53234916144805,244.8074188232422
2025-09-22,247.5995237986898,255.9160073848096,247.42002368458668,255.35755920410156
2025-09-23,255.15815615601056,256.6140289111009,252.86464151383097,253.7122344970703
2025-09-24,254.49998437943248,255.01852163586054,250.33176892231356,251.5981903076172
2025-09-25,252.49566170312627,256.4444966190252,250.99989343760635,256.14532470703125
2025-09-26,253.38315498635407,256.87328100426123,253.06405044687503,254.73931884765625
2025-09-29,253.8418726304012,254.28063380560434,252.29624220529692,253.7122344970703
2025-09-30,254.1410137555297,255.1980209495745,252.39595068950493,253.9116668701172
2025-10-01,254.32049261064776,258.0599285933123,254.21080232618834,254.72933959960938
2025-10-02,255.85613542550084,257.45162766856953,253.43299812845933,256.40460205078125
2025-10-03,253.9515436206674,258.5086431914624,253.23357360959045,257.2920837402344
2025-10-06,257.2621558739689,258.33912604890287,254.3304629034206,255.96583557128906
2025-10-07,256.0855101139428,256.6738420114173,254.70939836699205,255.75645446777344
2025-10-08,255.79633660873378,257.7906945345413,255.38748958216482,257.3320007324219
2025-10-09,257.08267167133846,257.27213808351553,252.42584836214985,253.32330322265625
2025-10-10,254.22079760361632,255.65673769030235,243.31165772832736,244.5780792236328
2025-10-13,248.67648318296307,248.98560621270488,244.86725241658198,246.96133422851562
2025-10-14,245.90431694508948,248.14796941642882,244.00966795095763,247.07101440429688
2025-10-15,248.78616738422895,251.10959602979932,246.77186176083558,248.63658142089844
2025-10-16,247.54965348458146,248.33741809379524,244.43846029169785,246.7519073486328
2025-10-17,247.3203043073955,252.66518358811555,246.57242016484557,251.5782470703125
2025-10-20,255.168106265739,263.63416054313814,254.90884523128253,261.50018310546875
2025-10-21,261.141213133835,264.5415968076956,261.0913359303388,262.0286865234375
2025-10-22,261.9090191460537,262.1084670888602,254.70938662410154,257.72088623046875
2025-10-23,259.2066564378435,259.8847307097371,257.2821086816683,258.84765625
2025-10-24,260.4531458541269,263.3848541030092,258.44880663072195,262.07855224609375
2025-10-27,264.13273028939324,268.3607587413759,263.9033682058253,268.0516357421875
2025-10-28,268.23110734142335,269.12859257872884,267.39348082722177,268.2410888671875
2025-10-29,268.5203194424725,270.6443152614699,266.35642794866993,268.93914794921875
2025-10-30,271.2226702585742,273.36662916750566,267.72259312931254,270.63433837890625
2025-10-31,276.2085578376442,276.53764389728985,268.4006608909581,269.60723876953125
2025-11-03,269.6571458353552,270.08592548154905,265.4988962118729,268.2909851074219
2025-11-04,267.5730004152706,270.72408938596277,266.86501191822913,269.2781982421875
2025-11-05,267.8521863717013,270.93349568379296,266.17693326929896,269.3778991699219
2025-11-06,267.1342708755924,272.6287059365568,267.1342708755924,269.0089416503906
2025-11-07,269.03885049148494,271.5218466038475,266.0173996929098,267.7126159667969
2025-11-10,268.46119877683986,273.2223721938244,266.9639805623884,268.9303283691406
2025-11-11,269.3096487524697,275.3983427074405,269.2996575494418,274.73956298828125
2025-11-12,274.49005224267427,275.2187095291286,271.19618380015726,272.962890625
2025-11-13,273.6016390736082,276.1868626363035,271.58539619817094,272.4438171386719
2025-11-14,270.5473523374902,275.4482508823214,269.10005949599775,271.90484619140625
2025-11-17,268.3214829895084,269.98836893107386,265.237217022597,266.9639892578125
2025-11-18,269.48928956232544,270.20795552947055,264.8279672087311,266.94403076171875
2025-11-19,265.0376012369211,271.70520656667077,265.0076580872151,268.0619812011719
2025-11-20,270.327749378444,274.91922505965954,265.42688147061517,265.7562561035156
2025-11-21,265.4568071090486,272.8230952896135,265.17732758833057,270.98651123046875
2025-11-24,270.397645153795,276.48633959077114,270.397645153795,275.4083557128906
2025-11-25,274.75950033189645,279.8600396675645,274.7395483878858,276.45635986328125
2025-11-26,276.4464065684995,279.0116481613461,276.11703191175064,277.0353088378906
2025-11-28,276.7458380127342,278.4826014787427,275.4781737009374,278.3328857421875
2025-12-01,277.4944549964911,282.89442609469603,275.62792768573877,282.57501220703125
2025-12-02,282.47518456741903,286.86701880065203,282.10587559562896,285.6592712402344
2025-12-03,285.6692634925469,288.0847586222564,282.77461708045536,283.623046875
2025-12-04,283.5731318378766,284.20196835267484,278.07334059490756,280.179443359375
2025-12-05,280.01974631085085,280.6186397013617,277.53434330937836,278.26300048828125
2025-12-08,277.6142094762677,279.15136205700173,275.6378704438954,277.3746643066406
2025-12-09,277.6441787437343,279.5107061083118,276.4064879695729,276.6659851074219
2025-12-10,277.23491184461454,279.2312028389952,275.92734368017386,278.26300048828125
2025-12-11,278.5824273392719,279.07150890817053,273.3022288840155,277.514404296875
2025-12-12,277.38461586894516,278.70217518025987,276.30663218031253,277.763916015625
2025-12-15,279.63046152672615,279.63046152672615,272.33402020742307,273.6016540527344
2025-12-16,272.3140798989353,274.9891026980292,271.2859911871425,274.1007385253906
2025-12-17,274.50001118897205,275.6478724530811,271.13626563598973,271.33587646484375
2025-12-18,273.1025913325419,273.12257373871984,266.4549687260805,271.68524169921875
2025-12-19,271.6453053723066,274.09077415448866,269.399477884542,273.1625061035156
2025-12-22,272.3539780142796,273.37210596231955,270.00836035897595,270.4674987792969
2025-12-23,270.3377490962612,271.99467443806464,269.06012395403746,271.85491943359375
2025-12-24,271.8349404799371,274.9192064044749,271.69521595033444,273.3022155761719
2025-12-26,273.65160578690546,274.8593534534055,272.35399820928086,272.89300537109375
2025-12-29,272.1843267483383,273.8512128461511,271.8449608988494,273.2523498535156
2025-12-30,272.30405905646904,273.57169281796894,271.77504318392386,272.57354736328125
