Date,Open,High,Low,Close
2020-01-02,66.86783552352698,67.8730239868164,66.77262179859589,67.8730239868164
2020-01-03,66.84749847538635,68.12444284241023,66.81377300921453,67.51795196533203
2020-01-06,67.02751808217074,69.34288486446046,66.9962821053439,69.31759643554688
2020-01-07,69.44900196622598,69.59975639798446,69.00765007438353,69.1836929321289
2020-01-08,69.16931180182212,70.01383328257931,69.06071230813146,69.6761245727539
2020-01-09,70.51369507317621,70.84842998736566,69.93250016192401,70.40757751464844
2020-01-10,70.88761594044897,71.15887253591534,70.39816153236073,70.86231994628906
2020-01-13,71.17424616511539,71.48319328541425,70.68429987467893,71.41129302978516
2020-01-14,71.4097937019993,71.54021599791382,70.80330278532237,70.94315338134766
2020-01-15,71.06366724106702,71.44848723259247,70.99622386006052,71.37013244628906
2020-01-16,71.68006159560105,71.94041435124791,71.40979626083083,71.91363525390625
2020-01-17,72.52755127820197,73.42066702183358,72.23050686888229,73.36959075927734
2020-01-21,73.34382322473569,73.8833703111752,72.9079269291361,73.50499725341797
2020-01-22,73.8759245867756,74.41397338110437,73.52532192544703,73.58531951904297
2020-01-23,73.7678173234847,74.06287927041319,73.40927702930324,73.62598419189453
2020-01-24,74.02914675123824,74.097581382054,72.559292859008,72.70757293701172
2020-01-27,70.99027408970458,71.2402073113937,70.3932038265922,70.99969482421875
2020-01-28,71.49607551541948,72.14372252373562,70.93173956635746,71.93048858642578
2020-01-29,72.32522928653594,72.60690544755049,71.67709035915647,72.23795318603516
2020-01-30,71.31556413201686,72.16603303819413,71.16183594102894,72.11644744873047
2020-01-31,72.79137767304688,72.88113570169328,70.76809913606537,71.0517578125
2020-02-03,72.48342482845398,73.70582753071683,72.23349161238843,73.5223388671875
2020-02-04,72.12835081014188,72.76557823057527,70.51865409884083,71.67807006835938
2020-02-05,72.5806094341786,72.62871192281361,70.89802115663437,71.70980834960938
2020-02-06,72.00390428277454,73.47078477881408,71.92952208528739,73.19357299804688
2020-02-07,72.76807109346798,73.65374870960305,72.66988358975605,73.3492660522461
2020-02-10,73.25603845469743,74.82556289282728,73.15536902814524,74.81465148925781
2020-02-11,75.04327818320576,75.8669758353758,74.65548439162731,74.88409423828125
2020-02-12,75.17171334002595,75.39189369571822,74.81516311800998,75.30908203125
2020-02-13,74.88109681308607,75.67205999735403,74.58355300430597,75.04920959472656
2020-02-14,75.10575582931537,75.379494369369,74.66043128930994,75.31403350830078
2020-02-18,75.09634377549567,75.90069296923276,74.93120471676399,75.34925079345703
2020-02-19,75.73405324495363,75.90960425641619,75.42560557770153,75.6185073852539
2020-02-20,75.32791507548832,75.72761146175247,74.59645752229817,75.22774505615234
2020-02-21,74.61233071932669,74.92822421575049,73.31852714783577,73.56498718261719
2020-02-24,70.56925684195184,71.23029739241912,69.76292508716311,70.41106414794922
2020-02-25,70.96348339912412,71.25358143993788,68.45521513612178,68.74779510498047
2020-02-26,69.17724388929183,70.10408510430565,68.26329659306435,68.9535903930664
2020-02-27,67.39994084412521,67.90873614395468,65.17334092529835,65.20854949951172
2020-02-28,63.193204492422396,66.5722739739755,62.89070436777219,66.41358947753906
2020-03-02,67.0156136346648,68.80481891518373,65.7168464160506,68.74779510498047
2020-03-03,69.31114862306558,69.83233844511692,65.9171948251204,66.33772277832031
2020-03-04,67.3910084911232,68.57224739337018,66.30200954107818,68.51373291015625
2020-03-05,66.72601271363625,67.12670796663788,64.5485139115482,65.19913482666016
2020-03-06,62.9769971984103,64.6035493381855,62.34521781036266,64.25592803955078
2020-03-09,59.75413363170908,62.12305473019572,59.410969211683664,60.291194915771484
2020-03-10,62.20537437076088,63.26957678968302,60.22771640855486,63.23585510253906
2020-03-11,61.90187762474763,62.331326848782346,59.06879078773563,60.04869079589844
2020-03-12,55.67088167650658,58.95027701384307,54.96918076424431,55.121917724609375
2020-03-13,58.2679152243598,60.22226345773861,55.158611522233514,60.215816497802734
2020-03-16,54.03391030090798,56.804014722190885,52.91664529324998,53.21022033691406
2020-03-17,54.08498798539528,55.83849297321683,52.02501404698684,55.44474792480469
2020-03-18,52.56257466439651,54.79660911099285,51.42497370415476,54.112266540527344
2020-03-19,53.96497931020589,57.15808978102262,52.34487034827302,55.12786865234375
2020-03-20,56.08148743290861,56.45738229776542,52.669687167629704,52.97268295288086
2020-03-23,52.38553745507887,52.90821796189328,50.03000577141187,52.27445602416992
2020-03-24,54.7465237525493,56.20199314271335,53.87621437902263,56.037353515625
2020-03-25,55.76808219769024,56.83873167265164,53.706621136908296,54.629493713378906
2020-03-26,55.27912035694048,58.09385791556648,54.15392148412994,57.66936492919922
2020-03-27,55.91139183073007,57.08072809299469,54.747511270415124,55.057945251464844
2020-03-30,56.16777698755777,57.07825124528936,54.47427322697181,56.845672607421875
2020-03-31,56.96568065824295,58.1890670209297,56.37010109392205,57.62126159667969
2020-04-01,55.73931890160938,56.008097373392076,54.22632246793909,54.65329360961914
2020-04-02,54.54914768908642,55.67831525812242,54.20846522221107,55.39366912841797
2020-04-03,55.27862233919662,55.48094867701905,53.31336646721793,54.18714141845703
2020-04-06,56.18562904604569,59.049456548881885,55.78890642035224,58.674556732177734
2020-04-07,60.35169060850497,60.5386486628773,58.37998779819019,58.643310546875
2020-04-08,59.66189584651864,60.24705964616023,58.71224421750471,59.85529708862305
2020-04-09,60.40971598898934,60.59865278435294,59.132272009251324,59.8339729309082
2020-04-13,59.582551251526766,60.228215813461446,58.63190840184953,60.02439880371094
2020-04-14,61.49028773908295,63.2646206472992,60.92346976589179,62.74293518066406
2020-04-15,61.81460308752658,63.23288132977035,61.194230736716015,62.34968185424805
2020-04-16,62.837645447215486,63.14609692046677,61.40250825663297,62.35612487792969
2020-04-17,63.55967676795776,63.971275807142504,62.78111177962652,63.425785064697266
2020-04-20,62.97401789004605,63.3176779307609,62.307029946262375,62.54059982299805
2020-04-21,61.62616593937416,61.98767622078113,59.75611987683301,60.11118698120117
2020-04-22,61.546816874331455,63.469426000735105,61.35292000771885,62.404727935791016
2020-04-23,62.76822057097703,63.87953802477549,62.50985788688982,63.03749465942383
2020-04-24,62.23562530613796,63.36181922472336,61.69013452627562,63.3067741394043
2020-04-27,64.07045614945028,64.1745987676371,62.73449772386327,63.02212142944336
2020-04-28,63.63407269606272,63.711428655001434,61.014718809711894,61.12431335449219
2020-04-29,66.69874197813101,67.45003233788705,65.79273212855323,66.55889892578125
2020-04-30,66.02233937163489,66.94669893140887,65.5333767050034,66.78305053710938
2020-05-01,65.66180653739475,67.01760531854285,64.94622420976376,65.32608032226562
2020-05-04,64.8703571166815,65.68066140503612,64.2693217841076,65.60279846191406
2020-05-05,66.32681171124734,67.98857626005707,66.20432703264936,66.89808654785156
2020-05-06,67.34341219746076,67.87353091957088,66.70518581908316,66.72006225585938
2020-05-07,67.50754669271235,68.23603045485314,67.07264174294407,67.90277862548828
2020-05-08,68.52464582755636,69.25956898715928,68.03816519605402,68.64961242675781
2020-05-11,68.27519051574396,70.19630850049639,68.21122034234685,69.60420227050781
2020-05-12,69.833816610674,70.13680855465576,68.16213222307255,68.19535827636719
2020-05-13,68.24397243542293,68.69871775652562,65.8562057491344,66.86387634277344
2020-05-14,66.12944679284938,67.31216892241369,65.62263398187353,67.28688049316406
2020-05-15,66.86039208838235,68.16559864736914,66.40118245045998,68.09022521972656
2020-05-18,67.52094887953119,69.0671676528227,67.15497035740877,68.69127655029297
2020-05-19,68.70614443587316,69.05376572383527,68.12494948842443,68.15668487548828
2020-05-20,68.88862946707506,70.02275708211047,68.80234463314515,69.88043212890625
2020-05-21,69.97118547184348,70.24244206277815,69.14798739865162,69.76092529296875
2020-05-22,69.61958897415187,70.26921852029433,69.22534831600099,70.082763671875
2020-05-26,71.5069951861751,71.6632053320512,70.38824330390248,70.48593139648438
2020-05-27,70.4179843310238,70.6832933415552,69.15839836325051,70.43186950683594
2020-05-28,69.426192345688,71.63096943029363,69.38057178014799,70.33071899414062
2020-05-29,70.4393250257835,71.24764676163868,70.218652828686,71.08846282958984
2020-06-01,70.70065785212817,71.48814791077972,70.53105438742989,71.1553955078125
2020-06-02,71.1618401370753,71.55856271044368,70.49782602311556,71.52434539794922
2020-06-03,71.54368329606875,71.85659538466791,70.99422380337077,71.37259674072266
2020-06-04,71.2501248242787,71.47526904447197,69.72423813412438,70.13533782958984
2020-06-05,70.20178767828749,71.72222618313101,69.80407376319808,71.41079711914062
2020-06-08,70.72943839122632,71.85612054706654,70.64017219115213,71.80851745605469
2020-06-09,71.66965824623362,72.78841022144854,71.52683385423786,72.00885009765625
2020-06-10,72.47648902737328,73.03486997129616,72.12192132758686,72.63468170166016
2020-06-11,71.46087559148388,71.98504674451961,69.34734716096332,69.52041625976562
2020-06-12,70.70859413359544,71.1375515555571,68.7220148203328,70.06690216064453
2020-06-15,68.90501227244624,70.66595575731058,68.79144890467562,70.45470428466797
2020-06-16,71.8560950243761,72.26124705056122,70.8638005833131,71.73063659667969
2020-06-17,72.05150228105227,72.51070444213754,71.168298968231,72.03166198730469
2020-06-18,71.89826945258076,72.05298894392186,70.72744235742255,71.11821746826172
2020-06-19,71.40980414439169,71.63295826897189,70.36840814054392,70.64810180664062
2020-06-22,70.66644253665869,71.95280774652628,70.37782758468947,71.93842315673828
2020-06-23,72.00487204800746,73.15536677281354,71.65774262823108,72.59896087646484
2020-06-24,72.56426402456245,73.18463264160842,70.91390265538281,71.04779815673828
2020-06-25,70.97439400933185,71.52484484122479,70.39518156341698,71.46434783935547
2020-06-26,71.04430840536872,71.26200677642353,67.19462635933624,67.56853485107422
2020-06-29,67.45944641414235,69.32701421353897,67.02850648187311,69.28585052490234
2020-06-30,69.27147126590755,70.61635097847407,68.77804426486243,70.3212890625
2020-07-01,70.3768421161721,71.83032898693156,70.12938326370785,71.50897979736328
2020-07-02,71.99693932392367,73.81590498317027,71.95874941401952,72.8940200805664
2020-07-06,73.79757524785116,74.88111870181295,73.24365115078267,74.36785888671875
2020-07-07,74.19327834231083,75.44245222161047,73.87441116919585,73.88532257080078
2020-07-08,74.42487655792402,74.9391275363047,74.00335737778137,74.56372833251953
2020-07-09,74.87763965842205,75.83026886920159,74.1665217588181,75.31056213378906
2020-07-10,75.04227347746796,76.43526327419461,74.42091366005153,76.31971740722656
2020-07-13,76.86174141702182,78.17191203749789,74.71052246568456,74.99169921875
2020-07-14,74.0276638809234,75.51585983280482,73.68747324161508,75.4196548461914
2020-07-15,75.53718469026553,76.18681428524529,74.2775985185989,75.2222900390625
2020-07-16,74.45957915498776,75.17417766907114,73.80350268613957,75.12508392333984
2020-07-17,75.22377608107477,75.54710778770762,74.29098718634621,75.2208023071289
2020-07-20,75.12904965194888,77.80741315385244,74.51909314973128,77.55103302001953
2020-07-21,78.60186910012267,78.7020391330596,76.99464629411698,77.15829467773438
2020-07-22,77.14787303751817,77.70675334704666,76.52898757148118,77.60112762451172
2020-07-23,77.65469369706234,77.87388279477673,74.81119054190296,75.21585083007812
2020-07-24,74.34504365729109,75.15038400386956,73.76979622867519,74.79234313964844
2020-07-27,75.04278303062988,76.24781989329986,74.99666304671776,75.84465026855469
2020-07-28,75.62496226274747,75.67504727423581,74.41099662396583,74.56621551513672
2020-07-29,74.63315119222594,76.03803598682765,74.53446428373476,75.55106353759766
2020-07-30,74.28454828311527,76.41296100573945,74.14569648203324,76.28799438476562
2020-07-31,74.23890781925564,74.63413971739837,72.10404870762487,73.78763580322266
2020-08-03,73.93889871670713,74.27263483646993,72.982796377369,73.5302734375
2020-08-04,73.72617042559631,74.04354706534166,72.60146322236359,73.06116485595703
2020-08-05,73.23570208691466,73.88929663633802,72.95799099172172,73.3482666015625
2020-08-06,73.20247794748174,74.6961294926301,72.99171836772238,74.63066864013672
2020-08-07,74.83350979435441,75.38147873345969,73.70433828894927,74.30438232421875
2020-08-10,73.92898865059216,74.73978479263027,73.26893940537893,74.22752380371094
2020-08-11,74.08766106264545,74.9029290830015,73.30364415071575,73.42018127441406
2020-08-12,73.74649701775965,74.96393594922627,73.64136312889204,74.74424743652344
2020-08-13,74.79233103557158,76.21854671384278,74.79233103557158,75.21086883544922
2020-08-14,75.06013175554337,75.36660452613891,74.33562050081562,74.61481475830078
2020-08-17,75.1771583632833,75.56446023024378,74.63315451205264,75.19054412841797
2020-08-18,75.68051411825434,77.23020619604789,75.45984190114157,77.15135955810547
2020-08-19,76.98818722838891,77.79998205796244,76.36880993674055,76.59741973876953
2020-08-20,76.36732488551415,78.36085063108287,76.0940857567351,78.16645812988281
2020-08-21,77.94578197707564,78.94155742131991,77.47517655139052,78.13274383544922
2020-08-24,78.97080047471435,79.7796215208328,78.10644628557537,78.60780334472656
2020-08-25,78.35737106631586,79.78457814472273,78.24728090400605,79.63432312011719
2020-08-26,79.65664120321837,81.96208775118443,79.39282281884792,81.53263092041016
2020-08-27,81.65561820356022,81.72405283891463,80.27701291660559,80.75853729248047
2020-08-28,80.80564922534911,81.3947742823975,80.61423049630892,81.299560546875
2020-08-31,81.50485034361557,81.5509703163992,80.60033136303525,80.80860900878906
2020-09-01,80.93905085374529,82.28095699805938,80.80862853332464,82.07565307617188
2020-09-02,82.71684835469105,85.59754248382305,82.32905460313435,85.16561126708984
2020-09-03,84.27941823838044,84.30322355968734,79.72654838591193,80.8076171875
2020-09-04,79.7905357444449,81.07938305548198,76.26814951914791,78.41242980957031
2020-09-08,75.62496025313807,77.13993533300419,75.20344105449351,75.55553436279297
2020-09-09,76.81016761668064,77.2971401284128,75.63339304854327,76.72735595703125
2020-09-10,76.87363960393168,78.0380120006391,75.37700663755594,75.6770248413086
2020-09-11,75.7811844407873,76.30435686018187,74.03908233242203,75.16676330566406
2020-09-14,75.95472771220844,77.21183946322891,74.63860963235427,74.82308197021484
2020-09-15,75.7682830632299,76.9138141369124,75.48115874300053,76.12681579589844
2020-09-16,76.49179380537119,77.08141822427109,74.95995225886935,74.98474884033203
2020-09-17,73.68152677302831,74.31876192273185,72.523601178489,73.74252319335938
2020-09-18,73.80500039329375,74.14717354274497,70.99423184511045,71.95974731445312
2020-09-21,70.99422831812555,71.41276613993426,69.55909124439718,70.92083740234375
2020-09-22,71.92156489906783,72.59847297958909,70.88909790425686,72.39266967773438
2020-09-23,72.00935467822559,72.05844843831957,69.55910841785047,69.89185333251953
2020-09-24,69.55909799295081,71.31012111863477,69.53281074002145,70.55982208251953
2020-09-25,70.66843135233466,71.70436404875389,69.8070508636011,71.36318969726562
2020-09-28,72.99619210723424,73.04577770670436,71.72123004229934,72.33515167236328
2020-09-29,72.59549981591418,72.99667929784022,72.10405532889749,72.70013427734375
2020-09-30,72.44821428907602,73.7008616762661,72.19134227406526,72.67930603027344
2020-10-01,73.57491129707402,74.14073804524459,73.23472061084361,73.78517150878906
2020-10-02,72.38325120895068,73.34530108822473,71.77428589367447,72.18340301513672
2020-10-05,72.53301318921578,73.62647661219141,72.40606407362094,73.53374481201172
2020-10-06,73.17024140482556,73.61754082467756,71.6582402752025,71.9562759399414
2020-10-07,72.3673848593541,72.8464272920144,71.07407320039421,72.35895538330078
2020-10-08,72.67185917570478,73.79160219464296,72.67185917570478,73.56349182128906
2020-10-09,74.03113521720735,74.97285301834012,73.74053771907792,74.90342712402344
2020-10-12,76.26962637160483,78.76995701320932,75.83818706732326,77.58822631835938
2020-10-13,78.2041474056117,78.60830825072733,77.29268191848519,77.71121978759766
2020-10-14,78.08462104375914,78.54332368699805,76.66137918522789,77.53118896484375
2020-10-15,76.59195961535212,77.92593541611845,76.42484564784411,77.1359634399414
2020-10-16,77.45137286175847,78.23886306630772,77.24458583838096,77.74246978759766
2020-10-19,78.15058813294185,78.5473107543964,75.52181743296583,75.87042999267578
2020-10-20,75.53123918577117,78.04694597778177,75.40180813556019,76.91827392578125
2020-10-21,77.84909092890811,80.09503208966102,77.71470357048726,78.64947509765625
2020-10-22,78.6003693037984,80.00971867518831,78.22745200812956,79.67449188232422
2020-10-23,80.09055499720758,81.0362377810544,79.93483669697007,80.97970581054688
2020-10-26,80.08805986687796,80.81108026890311,77.74641387017348,78.56514739990234
2020-10-27,78.79526157270044,79.44340050716269,78.20315519687098,79.28868103027344
2020-10-28,76.86520032318744,77.0536376702829,74.80572230060712,74.92076873779297
2020-10-29,75.22922035595008,78.78582318752815,75.20591444663212,77.20588684082031
2020-10-30,82.68857141891898,83.3768826939042,79.4220666362218,80.14310455322266
2020-11-02,80.51157306203328,82.23235142341763,80.05038085259652,80.55025482177734
2020-11-03,80.86960190055142,82.27002213877333,79.94474325765552,81.60848999023438
2020-11-04,84.57994366770366,87.77603157159547,84.4520032958134,86.57694244384766
2020-11-05,87.79685909810694,88.85660464736164,86.33791656920567,87.40261840820312
2020-11-06,86.84918769044951,87.70015609543829,86.12219462200115,87.26525115966797
2020-11-09,89.06290742659552,90.09983143122278,87.15715710598109,87.34906768798828
2020-11-10,85.77953403684037,87.24789727172411,85.10262594054147,86.17377471923828
2020-11-11,86.70339318512825,87.42244865386503,86.43858355014122,86.64537811279297
2020-11-12,86.38601724295751,87.5256006507518,86.18616905114561,86.42668151855469
2020-11-13,86.68355780156224,88.12811565464587,86.08748643492731,87.88661193847656
2020-11-16,87.48394246884763,88.98156668140368,87.34459128225902,87.9743881225586
2020-11-17,87.66841834553581,88.12861930166262,87.25335367641775,87.3609619140625
2020-11-18,87.11201820971709,87.52659102492422,86.21592105216274,86.31857299804688
2020-11-19,85.9511206538615,87.4517188316341,85.79193672214883,87.20773315429688
2020-11-20,87.37782025271105,87.69321431232694,86.03888806138033,86.1073226928711
2020-11-23,86.29775917426349,86.58389223770376,84.80807238631498,85.6699447631836
2020-11-24,85.66696514111936,87.59998627783115,85.33123893145898,87.4720458984375
2020-11-25,87.6659416054076,87.79338256520208,86.70140982396333,87.48344421386719
2020-11-27,87.50378154731892,89.11397796643531,87.50378154731892,88.61856842041016
2020-11-30,88.05472111529265,88.28729593403301,86.67561660708266,87.00093078613281
2020-12-01,87.60892319923718,90.33935486908295,87.42890770924123,89.03215789794922
2020-12-02,89.03214790983743,90.88583053694929,88.52682579597574,90.5005111694336
2020-12-03,90.28083679102588,91.43578858562074,90.10528575268816,90.34530639648438
2020-12-04,90.26497019974981,90.72516363204076,89.93618277474572,90.44052124023438
2020-12-07,90.03336726128934,90.7147397818171,89.41299871935603,90.10676574707031
2020-12-08,89.68475306209454,90.05419714492693,88.82981962250061,89.8240966796875
2020-12-09,89.77600140990651,90.66912483380474,87.3778230247118,88.16432189941406
2020-12-10,87.40757975682408,88.02200081653986,85.9659955088699,87.65801239013672
2020-12-11,87.27864133152798,88.13704799737961,86.91861796512762,88.0125732421875
2020-12-14,87.81025930441976,88.75643400751298,86.73960226706616,86.89482116699219
2020-12-15,87.27169452904377,87.47699842212751,86.36965738505812,87.33219909667969
2020-12-16,87.73039727323327,87.73039727323327,86.73612025973473,87.1392822265625
2020-12-17,87.4735400975427,87.61140062901919,85.8479753357281,86.3121337890625
2020-12-18,86.59281350662172,86.7014130032397,85.04708672490963,85.60348510742188
2020-12-21,84.75599010453729,86.13806852719698,84.00569107154372,86.0170669555664
2020-12-22,85.7577025849054,85.92035967123091,84.5898570912219,85.30593872070312
2020-12-23,85.4899367962746,86.49066096594188,85.35455062268282,85.70317077636719
2020-12-24,85.74134982606715,86.40635530459163,85.51075748898015,85.99723815917969
2020-12-28,86.53033139024102,88.61758023825367,86.37710257664094,87.9709243774414
2020-12-29,88.62898889546618,88.69047715763739,87.03615082463631,87.16756439208984
2020-12-30,87.52659230132683,87.66346156450165,85.69175873529313,86.10087585449219
2020-12-31,86.1514640567951,87.15467009608656,86.09294200196078,86.91366577148438
2021-01-04,87.27865205209945,87.402127997675,84.65731932173296,85.59903717041016
2021-01-05,85.54744478278593,86.62553228807558,85.14130146810675,86.28931427001953
2021-01-06,84.31613287098162,86.48371900443895,84.10983770465201,85.43785858154297
2021-01-07,85.6302573853082,88.1623310238462,85.6302573853082,87.98976135253906
2021-01-08,88.12961137899272,89.23051304839001,87.33913991776798,89.1546401977539
2021-01-11,88.1226604372479,88.48764764784643,86.88886216525205,87.09465789794922
2021-01-12,86.55264274953645,87.67040339276643,85.11552300350571,86.15939331054688
2021-01-13,85.65803281300867,87.09962451285838,85.65803281300867,86.64636993408203
2021-01-14,86.72669751036699,87.6530469372006,85.59604301970084,85.83655548095703
2021-01-15,85.74232321836902,86.66469994138102,84.88392424044562,85.67289733886719
2021-01-19,86.43561418775866,89.45267807678509,85.93128331929772,88.49211883544922
2021-01-20,90.56993747642771,94.20737744445935,90.2297543947526,93.2329330444336
2021-01-21,93.90636166357693,95.81210413081008,93.20019257350067,93.43524932861328
2021-01-22,93.79776835100945,94.4389685259167,93.05589873468317,93.8523178100586
2021-01-25,94.85304490741599,95.3033257370761,92.19600437288214,93.93760681152344
2021-01-26,93.52650995574975,95.00231152937288,93.03755491647793,94.61550903320312
2021-01-27,92.97704477868687,93.2527658262995,89.12736210402838,90.20148468017578
2021-01-28,90.79954993985909,93.62568701190574,90.79954993985909,91.90045166015625
2021-01-29,90.94928901066062,91.61975006758315,89.33959982632481,90.6190185546875
2021-02-01,91.47346083810595,94.99188128707719,91.47346083810595,93.87759399414062
2021-02-02,94.87238152496506,96.6695245972113,94.53714717102395,95.16942596435547
2021-02-03,102.43389477343386,104.46758545300014,99.85222758060932,102.10015106201172
2021-02-04,102.18642801251289,102.61686853209841,100.92088672711886,101.83979797363281
2021-02-05,102.13386851685974,103.93795810388866,101.65978991268837,103.58537292480469
2021-02-08,104.13930054000004,104.88315268671433,102.32182512427782,103.37164306640625
2021-02-09,102.88962324878285,104.06540659089865,102.6515926888036,102.91888427734375
2021-02-10,103.30318780122352,104.08373904046066,101.77085450098349,103.46881866455078
2021-02-11,103.6929788445471,103.8417432011322,102.59505097845204,103.5813980102539
2021-02-12,103.13607633020287,104.11448568687386,102.8286123513811,103.892822265625
2021-02-16,103.73016383309847,106.37778331502909,103.73016383309847,104.6698989868164
2021-02-17,103.84075695054456,105.2520964251539,103.56157027886391,105.06266021728516
2021-02-18,104.38724144669854,105.22978044150346,103.8085208383096,104.42740631103516
2021-02-19,104.52559936877174,105.06067434938426,103.31758131898079,103.5843734741211
2021-02-22,101.83830606942489,103.1638524951323,101.56060251176662,101.87103271484375
2021-02-23,99.87405494181063,102.77557323229442,98.69578961173092,102.1616439819336
2021-02-24,100.66995712296065,103.56007165959284,100.54548993925555,103.33641815185547
2021-02-25,101.95385918325073,103.296264656048,99.50212250444032,99.97124481201172
2021-02-26,100.66548976778884,101.98309847376467,99.23035268675075,100.26678466796875
2021-03-01,101.56059734973552,102.96052588335621,100.88716247321571,102.63471984863281
2021-03-02,102.39569597381312,103.87844380430377,101.99055145272833,102.37784576416016
2021-03-03,101.75648597138567,102.94862875695728,98.88273085300933,99.74610137939453
2021-03-04,99.91767079492536,102.87919359108754,99.44953981946315,100.86286163330078
2021-03-05,102.21271269276662,104.44674319929116,100.55788705118852,103.99398803710938
2021-03-08,103.3488162024733,104.82064494342981,99.43763808766263,99.55219268798828
2021-03-09,101.6473888421462,102.35007722648686,100.94568414890182,101.18173217773438
2021-03-10,102.22511823828405,102.22511823828405,100.13886060476449,100.9749526977539
2021-03-11,102.06740957578127,104.69816257525414,101.97963406928115,104.16606140136719
2021-03-12,102.96946115627736,103.02896690019689,100.78798996708696,101.65978240966797
2021-03-15,101.41083684371416,101.90723004915033,100.5583853117007,101.87995910644531
2021-03-16,102.45272538765994,104.81767759960309,102.12047238189682,103.34039306640625
2021-03-17,102.57570402029985,104.08968771643904,101.36818547416158,103.257568359375
2021-03-18,101.56952763068206,102.58960018110442,100.13141662467372,100.23853302001953
2021-03-19,100.65459585242806,101.0170935919781,99.32557619974676,100.51722717285156
2021-03-22,100.55045613544077,101.57746751441745,99.87453925617409,100.70220184326172
2021-03-23,101.1614008768052,102.35949880770968,100.56880265494154,101.2298355102539
2021-03-24,101.74705457606407,102.53256214622269,100.61838259998439,100.79344177246094
2021-03-25,100.62086633670765,101.44356501016514,98.9863728269257,100.78997039794922
2021-03-26,100.75674230960178,101.1336246171234,99.37119076934293,100.4066390991211
2021-03-29,100.2792009272737,101.62061514543679,99.45054707058068,101.45101165771484
2021-03-30,101.80757352516589,102.28809910370424,100.97297208689359,101.4847412109375
2021-03-31,101.87799232569182,103.45793660271161,101.51102253861231,102.2806625366211
2021-04-01,103.7549754771254,105.91214206933007,103.71431119831864,105.6160888671875
2021-04-05,106.47746082606572,110.53592048261828,106.38125583923181,110.03852844238281
2021-04-06,109.63982255502079,110.48682596318324,109.18706739203486,109.55750274658203
2021-04-07,109.74792488664195,111.30505479925695,109.74792488664195,111.03379821777344
2021-04-08,112.27207955187752,112.65839021229614,111.23118294546491,111.5991439819336
2021-04-09,111.3516723945579,112.76647732788905,110.94602092605987,112.60282897949219
2021-04-12,111.78212470167257,111.91948581429651,110.47790163265579,111.31101989746094
2021-04-13,111.62691342728266,112.24579894520419,111.23316455138779,111.79750061035156
2021-04-14,112.44216945631923,112.44216945631923,110.88454751475824,111.17662811279297
2021-04-15,112.17040796947886,113.85895143791116,111.63582486861483,113.32585144042969
2021-04-16,113.5237224246354,113.77167310788025,112.61523075801729,113.2018814086914
2021-04-19,112.57854354901255,114.26014079100582,112.57854354901255,113.54951477050781
2021-04-20,113.9328401922627,114.00772178331093,111.93089265988128,113.01641845703125
2021-04-21,112.67126807997798,113.06550874851278,111.32092512104474,112.98368835449219
2021-04-22,112.83740129654701,113.50587995571698,111.09778136352259,111.7027816772461
2021-04-23,112.42084532744272,114.36081286616997,112.13570353718127,114.05384826660156
2021-04-26,114.28146844023216,115.27377066190553,113.92441882355446,114.54975128173828
2021-04-27,114.93158969348886,114.97225396912138,113.37098650498807,113.61001586914062
2021-04-28,118.6444052488308,120.57247005777245,116.69650771409113,116.98512268066406
2021-04-29,118.48224361950828,119.22262247919515,117.71954253961522,118.65729522705078
2021-04-30,117.43045025355664,118.1162797453235,116.36624773223961,116.71040344238281
2021-05-03,117.2762166409626,118.10139729687744,115.81777346888248,116.19366455078125
2021-05-04,114.72926326113381,115.29657305551342,111.9090738290094,114.3960189819336
2021-05-05,115.47708449305684,115.79297039823858,114.46792338467594,114.78976440429688
2021-05-06,114.37122673822532,115.90951538085938,113.71217637295206,115.90951538085938
2021-05-07,117.22563540770174,117.59061507127338,116.34639717350244,116.63253021240234
2021-05-10,115.4527900587697,115.59462319092775,113.29065958056633,113.64820861816406
2021-05-11,111.23415327092532,113.07939883944981,110.78039927471382,112.57258605957031
2021-05-12,110.39706768816423,111.47763718701425,108.78191506462665,109.1106948852539
2021-05-13,110.39359947423983,111.05414048585153,109.43154957142508,110.53840637207031
2021-05-14,112.00131096781348,113.29957888960938,111.577809256897,112.98517608642578
2021-05-17,112.2507540019044,113.55051270106033,111.85105758223382,113.50786590576172
2021-05-18,114.17384773504614,114.43816551572112,112.18230470309192,112.1961898803711
2021-05-19,110.50815409240448,112.81706629241613,110.35988157512777,112.64399719238281
2021-05-20,113.61101419771367,114.65240260155116,113.24007940429303,114.4019775390625
2021-05-21,114.92067995406296,114.99407844296304,113.52669887961433,113.76622009277344
2021-05-24,114.79570966912145,117.30794312536561,114.65041093317832,117.08429718017578
2021-05-25,117.62780399643341,118.22288412982375,116.78477317689254,117.175048828125
2021-05-26,117.3560548531477,118.47034990255696,117.35308107918044,118.03990936279297
2021-05-27,118.47331515824983,118.47331515824983,116.84725869661128,117.1656265258789
2021-05-28,117.7478111847202,117.82963157956378,116.67815310319966,116.87651062011719
2021-06-01,117.74881041841671,118.3076907432192,116.74907000230994,118.08304595947266
2021-06-02,118.478278661861,118.70094093106418,116.65385700275765,117.55789184570312
2021-06-03,116.3250761646754,116.88494774617168,115.52121891925472,116.41681671142578
2021-06-04,117.49243481948021,118.96823639262553,117.15224415049533,118.69747161865234
2021-06-07,118.49266700644799,119.23999231025896,118.07412912075807,119.1303939819336
2021-06-08,119.6119002311292,119.98431807890844,118.7574586570108,118.93895721435547
2021-06-09,119.58314905326921,119.65504930518125,118.86260289582098,119.41007995605469
2021-06-10,119.35950068179913,120.80158431684347,119.20378994220064,120.75843811035156
2021-06-11,120.9999507112616,121.08524430564806,119.95657214998066,120.51396942138672
2021-06-14,120.61612284193231,121.44229482412202,119.90896992963319,121.44180297851562
2021-06-15,121.44623409294725,121.76906634678457,120.06366395354094,120.42418670654297
2021-06-16,120.5754470648677,120.88687610628577,118.49068020896921,119.78250122070312
2021-06-17,119.7081134975645,121.51815047385836,119.51223033742086,120.74553680419922
2021-06-18,120.37212775019057,120.60619327255783,119.03121296167414,119.12642669677734
2021-06-21,119.51273077628596,120.99993548875224,118.91566055698493,120.81397247314453
2021-06-22,120.75198899495656,121.39666231815684,120.07161525109758,121.32772827148438
2021-06-23,121.0926742086513,122.08645953120904,120.83580218507122,121.12590026855469
2021-06-24,121.69419951157322,122.04678467759501,121.29748444838773,121.49584197998047
2021-06-25,120.99993398696205,121.62774832820787,120.5685022175003,121.50426483154297
2021-06-28,121.6728660523082,121.77849933650862,120.41030616677962,121.53153991699219
2021-06-29,121.66495804851782,122.01258695892923,120.69348729987999,121.27021789550781
2021-06-30,120.99448449461066,121.25483726670456,120.35973131531956,121.08870697021484
2021-07-01,120.72719613594724,121.58212967815209,120.5352855601365,121.44080352783203
2021-07-02,122.14050574564968,124.37602688380984,122.0507477211,124.23072814941406
2021-07-06,124.61853639495152,125.39164954584159,123.56127270190933,125.15560150146484
2021-07-07,126.11962731057842,126.240621316996,125.1188956447412,125.43726348876953
2021-07-08,123.00933654007592,124.56596723994673,123.00537150808182,124.01898956298828
2021-07-09,124.00013909575392,124.70381872081973,123.53051741103474,124.48959350585938
2021-07-12,125.14369092382793,126.02788545144588,124.581337423186,125.93465423583984
2021-07-13,125.99713556323269,127.00777981268853,125.63612092477611,126.29765319824219
2021-07-14,126.90908636567568,128.266375645742,126.86594016488215,127.18579864501953
2021-07-15,127.59444156322091,127.64501842152565,125.49280814322165,125.96391296386719
2021-07-16,126.61651932695658,126.7638005858177,125.11939443436253,125.92919921875
2021-07-19,125.05591587763702,125.17047048995204,122.49259846899817,123.55680847167969
2021-07-20,124.49852570882304,126.0016057985081,123.3311794114217,125.17494201660156
2021-07-21,125.09954731955017,126.55006030841558,124.99044841519027,126.50344848632812
2021-07-22,126.7960393554764,127.42980128632463,126.45386617760096,127.3687973022461
2021-07-23,129.36131958948965,132.3054917449223,128.73649417322727,131.9246368408203
2021-07-26,132.23557346986715,133.13661932706722,131.2169841004671,132.936279296875
2021-07-27,133.15004425748484,133.29732554140443,129.03753372535118,130.8188018798828
2021-07-28,135.1946241311871,137.16335335815197,134.16860398036314,134.97840881347656
2021-07-29,135.03393383670254,135.54074659888502,134.43191491467985,134.66448974609375
2021-07-30,133.92808941978942,134.1953809902093,133.15448447715994,133.6221160888672
2021-08-02,134.00942969336194,134.22712811804664,132.69727646334016,133.74908447265625
2021-08-03,134.02728151890318,134.61938798044218,132.22667252736548,134.5182342529297
2021-08-04,134.24000035779645,134.53754419070725,133.38456751331833,134.01783752441406
2021-08-05,134.56829449236173,135.23231626590845,133.74063191754414,135.13461303710938
2021-08-06,134.92684860507694,135.35381597219683,134.1016679203012,134.62582397460938
2021-08-09,134.8281458060164,136.05946972764093,134.23007678129167,135.79067993164062
2021-08-10,136.21618040832792,136.64316290986423,135.2466997947702,135.68557739257812
2021-08-11,136.05699411421284,136.55387918721985,135.15444996704406,135.16189575195312
2021-08-12,134.86087941942685,136.17453085667606,134.3153999728154,136.06939697265625
2021-08-13,136.12494677939299,136.72648152836254,135.9097302737802,136.59852600097656
2021-08-16,136.39768127335614,137.22832524277518,134.1899301812805,137.17575073242188
2021-08-17,136.6208534812792,137.1321307968945,134.96652692198577,135.54127502441406
2021-08-18,135.38106359666662,135.98061569212976,134.21222682101478,134.33868408203125
2021-08-19,133.33351970472108,135.23479811345257,133.1495391773479,134.56781005859375
2021-08-20,134.8851617373076,136.42642391817594,134.14130974243275,136.30294799804688
2021-08-23,136.83853312618544,139.71971902868404,136.47950099945666,138.8935546875
2021-08-24,139.45888047774642,140.91534875374498,139.18812326737765,140.1035614013672
2021-08-25,140.4640639174662,141.02393547801682,140.21711205572637,140.91433715820312
2021-08-26,140.58805446280763,141.2500786299819,140.19827061437374,140.28109741210938
2021-08-27,140.49133697664018,143.3278934785733,140.3371093469741,142.8235626220703
2021-08-30,143.21632905744937,144.77396624741414,142.98127226041726,143.4052734375
2021-08-31,143.9572070200469,143.98149662462504,143.09830844171228,143.51138305664062
2021-09-01,143.8113978553602,145.05511631686906,143.69585198821633,144.02513122558594
2021-09-02,144.02563035315396,144.32663982177834,142.01127317307444,142.11244201660156
2021-09-03,141.90762370846002,142.97330911300233,141.23319004017313,142.56121826171875
2021-09-07,142.65546562838,143.37997686078998,142.44173224208836,143.09780883789062
2021-09-08,142.91879692732815,143.2163256757529,141.8278077374024,142.5131378173828
2021-09-09,142.66140907531098,143.12755759724692,142.0038493948319,142.36436462402344
2021-09-10,143.030343356749,143.53220739667623,139.58433740573318,139.72120666503906
2021-09-13,140.7859002496474,141.77820242843924,140.09214075232128,141.165771484375
2021-09-14,141.82332937621524,142.18782475783476,140.5880403778888,141.3760223388672
2021-09-15,141.60117640739975,143.2664141950181,140.18885318248124,143.24559020996094
2021-09-16,142.77050902430236,143.1171466443425,141.23421048693598,142.43280029296875
2021-09-17,141.8580435231661,142.27409944382737,139.31853152816512,139.6458282470703
2021-09-20,137.02895758765368,137.86058517975945,135.20454353336754,137.58238220214844
2021-09-21,138.60391361660336,138.8637744931468,137.14447948403443,137.89329528808594
2021-09-22,138.1620970935906,139.73211352931875,137.41576307062647,139.13356018066406
2021-09-23,139.83181383714714,140.53500172725538,139.25061879288333,140.05844116210938
2021-09-24,139.38645403348636,141.16377175943416,139.091392141108,141.04920959472656
2021-09-27,139.65030981604136,140.7750169200493,138.9193515942972,139.91561889648438
2021-09-28,137.5184232831249,137.95630206318702,134.25043470064762,134.71658325195312
2021-09-29,135.85714754159193,136.02675103167505,132.76769140885952,133.25218200683594
2021-09-30,133.1609261171282,134.43141608042833,132.46120397036233,132.58021545410156
2021-10-01,133.3453939422307,135.7882166913334,132.97396732571667,135.42372131347656
2021-10-04,134.845991044881,134.845991044881,129.97575169598792,132.56385803222656
2021-10-05,132.94224164734214,136.09964809191845,132.94224164734214,134.90798950195312
2021-10-06,133.64542025587158,136.62082849904496,133.44706273306846,136.43734741210938
2021-10-07,137.7534621789869,138.89404439125028,137.51444038615332,138.083740234375
2021-10-08,138.4328463076523,139.1806633910254,138.07629612988345,138.6396484375
2021-10-11,138.15020647249565,139.55856466782143,137.72074204736637,137.77529907226562
2021-10-12,138.33663473843401,138.36342140161824,134.64712752694697,135.3304901123047
2021-10-13,136.27617541967604,136.86878120226152,135.39991852664056,136.45420837402344
2021-10-14,138.33070229242213,140.17892171906655,137.68702021920703,139.99395751953125
2021-10-15,140.45366783413928,140.55631979319722,139.60121618297967,140.2091827392578
2021-10-18,139.92006032333015,141.62546275603327,139.9131139513097,141.60760498046875
2021-10-19,142.2121299993637,142.48488486692986,141.43109432493534,142.0628662109375
2021-10-20,142.16302664662172,142.36932937667234,140.21760340386373,140.6068878173828
2021-10-21,140.6068856243596,140.99072189641535,139.3482906803263,140.72293090820312
2021-10-22,138.00934325689758,139.4305952313603,134.94071143427604,136.43882751464844
2021-10-25,136.42246503075222,136.86877322103567,134.31388545894404,136.3203125
2021-10-26,138.12195088453703,138.93472200245625,137.1708122409943,138.1665802001953
2021-10-27,138.26227904833755,147.43149181607174,138.26227904833755,145.01893615722656
2021-10-28,145.92841199689116,145.9517179093353,143.44145926717053,144.6534423828125
2021-10-29,143.88877021249704,147.026835739547,143.46378537419665,146.8324432373047
2021-11-01,146.8324309481015,146.8324309481015,142.05143515277334,142.32070922851562
2021-11-02,143.3943518013393,145.4072108702752,143.15234864828975,144.2403564453125
2021-11-03,144.70452437779974,145.4667336808486,143.405764521186,145.3963165283203
2021-11-04,145.91847295050908,148.5060949140484,145.10866822451723,147.05210876464844
2021-11-05,147.94672303683166,149.0952354055238,146.9822063116092,147.6318359375
2021-11-08,148.5968545496057,149.3803872526516,147.2137847900475,147.8093719482422
2021-11-09,148.00970530712945,148.60627612949312,146.03799485146035,147.69778442382812
2021-11-10,146.2908928159798,146.8562275981602,143.35268347985377,144.6975555419922
2021-11-11,145.2887206931375,146.32615178849034,144.40700036115916,144.57164001464844
2021-11-12,145.4136656401591,147.62986135268545,144.219040793597,147.45925903320312
2021-11-15,147.67991725355816,148.32359927216987,146.36528227383033,147.23509216308594
2021-11-16,146.93510551026554,147.54307207632556,146.10496093518637,146.66384887695312
2021-11-17,146.81409417641225,147.34173099742802,146.0330585046554,146.83343505859375
2021-11-18,147.0263355590037,149.3461667867612,146.67226728662533,148.61024475097656
2021-11-19,148.7460854096611,149.72897425737744,147.67841753712597,147.7056884765625
2021-11-22,148.10839815896483,148.60131822577375,144.94950861350554,145.1027374267578
2021-11-23,144.9549360689054,145.45778377770264,142.93364778882065,144.58697509765625
2021-11-24,144.2810105888424,145.0506504792178,143.18953724894834,144.92221069335938
2021-11-26,143.16524773270095,143.37253416299765,140.67979308519273,141.0175018310547
2021-11-29,142.81958339759728,145.098250620001,142.71395011842046,144.33753967285156
2021-11-30,143.81983548713401,144.80320881089577,140.44076564760365,140.73434448242188
2021-12-01,142.8195956469263,144.75410739029755,139.75691130496085,139.895263671875
2021-12-02,140.09214564508795,142.68521600548834,139.06512670151332,141.79408264160156
2021-12-03,142.50318489584922,143.21628513272543,139.15088736463258,140.8374481201172
2021-12-06,141.86795825434288,142.67329857712156,139.00114949695094,141.9815216064453
2021-12-07,144.40299636708085,146.32164786424076,144.03701790710437,146.06228637695312
2021-12-08,146.3866264476649,147.1766061373384,145.20589435210303,146.97178649902344
2021-12-09,146.38117245241173,147.8778055616714,145.9090763713213,146.42828369140625
2021-12-10,147.48109073076458,147.7563124081406,145.5014499291834,146.78831481933594
2021-12-13,146.57007966602828,146.7570414903442,144.32464606078113,144.63111877441406
2021-12-14,142.78787579064948,143.29567231486587,140.05743659724035,142.7273712158203
2021-12-15,142.23342665334246,145.51827360710053,140.51661343560883,145.24057006835938
2021-12-16,145.96412418925743,146.4664725789084,142.42982768319294,143.26097106933594
2021-12-17,141.33188874138816,142.65545262972856,140.1417284945182,140.56324768066406
2021-12-20,138.85239100741393,140.61235063263806,138.17895606354023,140.4462127685547
2021-12-21,140.88902779432755,142.6896513447242,139.35074704863183,142.29640197753906
2021-12-22,141.89474965551238,145.2991078691126,141.89474965551238,145.2147979736328
2021-12-23,145.29911422761188,147.0283222152052,145.2515035755231,145.7122039794922
2021-12-27,146.04891135250273,147.1279902675561,145.96311835123439,146.69407653808594
2021-12-28,147.02087190142421,147.08335898865232,144.85726596471994,145.4845733642578
2021-12-29,145.44242309096177,146.208597395199,144.45360165448406,145.4528350830078
2021-12-30,145.49149904628018,146.0925342403559,144.79773962624193,145.00204467773438
2021-12-31,144.85282030166462,145.49600304604013,143.66464233398438,143.66464233398438
2022-01-03,143.86594988262885,144.65543012836076,142.53495522830957,143.802978515625
2022-01-04,144.20417299307056,145.28425084886646,142.53845076978192,143.21585083007812
2022-01-05,143.23614798069272,143.3149946024937,136.55933735130031,136.64561462402344
2022-01-06,135.8754939287169,138.7928795446468,135.43909829641714,136.61834716796875
2022-01-07,137.01307300645394,137.31359818480337,134.65357655381717,135.89382934570312
2022-01-10,133.97073966369757,137.68157063585514,132.0729270904359,137.5327911376953
2022-01-11,136.87574497844983,139.06663719581033,135.5720211712193,138.59056091308594
2022-01-12,139.99296095115926,141.4390172004531,139.54120457664413,140.2711639404297
2022-01-13,140.3797859761397,141.6790605815753,137.27445414017416,137.4510040283203
2022-01-14,135.95533915327124,139.5883225969847,135.8755088296192,138.337158203125
2022-01-18,135.05874499682633,136.00740156008052,134.32828625328975,134.88319396972656
2022-01-19,135.40437523941512,136.82860852545411,133.90874111772067,134.0089111328125
2022-01-20,135.1331368955776,136.49786462490957,131.87456152295866,132.21475219726562
2022-01-21,131.50663135157177,133.75999568673876,129.0201775821634,129.2830047607422
2022-01-24,124.94533645029941,130.1275124017033,123.47945498392451,129.73178100585938
2022-01-25,127.68469738972522,128.33829204225916,125.46355309123715,125.89448547363281
2022-01-26,130.04418655853962,131.9097642410679,126.09978210305361,128.17364501953125
2022-01-27,130.22766790037994,131.56510941651305,127.87560201075176,127.94751739501953
2022-01-28,128.59615164447928,132.26335206297418,127.43177919070502,132.2578887939453
2022-01-31,133.06225920242,134.3625173657848,131.1257647038749,134.19439697265625
2022-02-01,136.466592286511,136.66346669345492,133.2670388818161,136.51568603515625
2022-02-02,150.01019426294275,150.30425741715118,144.32964959852964,146.78683471679688
2022-02-03,144.51112229924576,148.4480810526987,141.49603343553346,141.91705322265625
2022-02-04,142.26867081780298,143.6874410729593,139.36317994593287,142.118408203125
2022-02-07,143.06757616212872,143.06757616212872,137.76142430297742,138.05996704101562
2022-02-08,137.8868730262489,138.8523885484705,135.8908729676065,138.25631713867188
2022-02-09,139.80800827912688,141.35621719799786,139.03786885201475,140.4313507080078
2022-02-10,138.55830248421256,140.3246936120616,136.82611353380625,137.48367309570312
2022-02-11,137.46384469240758,138.01577096757134,132.30645913001376,133.18173217773438
2022-02-14,132.16417235989616,135.1827270188193,132.16417235989616,134.41506958007812
2022-02-15,136.4428132990332,136.97641281123626,134.70815708961888,135.48870849609375
2022-02-16,135.5263729022058,136.95407185843112,133.81798904852437,136.6089324951172
2022-02-17,135.12617731893766,135.98954027468156,131.39254001045595,131.45254516601562
2022-02-18,132.37292423632954,132.97099324127743,129.1292409403073,129.33404541015625
2022-02-22,128.77369451228557,131.09699145275212,127.17242689104972,128.74940490722656
2022-02-23,130.56934576146136,130.9685427450542,126.48212435927555,126.54212951660156
2022-02-24,123.9292178705829,131.9097594685947,123.9292178705829,131.60328674316406
2022-02-25,132.4572527893111,134.16265544616002,130.67150526556998,133.35731506347656
2022-02-28,131.95935360321266,134.6387009971114,131.5055996259116,133.9499053955078
2022-03-01,133.77285909543676,135.13857036774974,132.12647806196426,132.96255493164062
2022-03-02,133.52443917740345,134.15372912259033,131.9806947822643,133.46839904785156
2022-03-03,134.8950992840664,135.3210829638196,131.93506660358148,132.80191040039062
2022-03-04,131.8378523374268,132.75427399164153,129.26907196974855,130.82521057128906
2022-03-07,130.41016532100002,130.6551346655655,125.25972533418172,125.34254455566406
2022-03-08,125.21509629053482,130.17411000501144,124.64431332771989,126.06259155273438
2022-03-09,130.1741142565606,132.63924417090806,128.83567386884616,132.32632446289062
2022-03-10,130.18998790766506,132.17954098140794,129.8393852677274,131.3439483642578
2022-03-11,132.39426221843516,132.698752456179,128.56888416798853,128.80592346191406
2022-03-14,129.18229653438024,129.33998976745445,124.24807981160097,124.91853332519531
2022-03-15,125.93516041311607,128.79007444618782,124.68995111051669,128.13894653320312
2022-03-16,129.66136979641874,132.24004824775446,127.6792471066061,132.18798828125
2022-03-17,132.05755123913005,132.98141880336502,131.10144887364655,132.7418975830078
2022-03-18,132.3307953908697,135.12718720596732,131.17435293501333,135.00965881347656
2022-03-21,135.04731283585534,135.9265509358955,132.9932904748799,134.98582458496094
2022-03-22,134.9858312898088,139.89376833061417,134.9858312898088,138.72145080566406
2022-03-23,137.56551524552734,138.44425402347676,136.70513365586095,137.1420135498047
2022-03-24,138.058933800913,140.458110844999,136.62132231474047,140.4114990234375
2022-03-25,140.7526772850465,140.87070507937713,138.59203769066454,140.5116729736328
2022-03-28,139.74550107592432,140.83847267217368,138.66542339972597,140.29595947265625
2022-03-29,141.47820601311636,142.6148082235357,140.87418935059165,141.3373565673828
2022-03-30,141.29223395375402,141.55059664678325,140.43928293794912,140.77500915527344
2022-03-31,140.88856773781393,140.9431247655112,137.88490447229108,137.92755126953125
2022-04-01,138.3564979945896,139.3195316638882,137.1737682495904,139.0016632080078
2022-04-04,139.20795791982718,142.53396895874045,139.16034726925992,141.79953002929688
2022-04-05,141.69787954637118,141.8183741448747,139.23176584389168,139.4385528564453
2022-04-06,137.61264137354576,138.2181411119585,134.40614115921403,135.42869567871094
2022-04-07,134.89509176328988,136.04013849416,133.1272020827794,134.77459716796875
2022-04-08,134.47206944780507,134.55786243440133,131.87553388786895,132.1949005126953
2022-04-11,130.7429100506066,131.009702203024,127.61377361707454,127.76750183105469
2022-04-12,130.52125019058332,130.52125019058332,125.7496824779024,126.66759490966797
2022-04-13,126.9507670450841,129.26563457471275,126.69388743885823,128.82923889160156
2022-04-14,129.40993832117093,129.40993832117093,125.56322179244722,125.69116973876953
2022-04-18,125.95896028482899,127.16151517107208,125.14766477730133,126.62991333007812
2022-04-19,126.6448053976767,129.26464770865982,125.95847641807728,128.9433135986328
2022-04-20,129.81904388797793,130.3218916355038,126.45485065417712,126.99041748046875
2022-04-21,128.1905009821093,129.03204110665789,123.50571776803207,123.7913589477539
2022-04-22,123.9753354789634,124.37404058160757,117.95013720142737,118.6548080444336
2022-04-25,118.1247001432462,122.26696285548644,117.53954013860086,122.06513214111328
2022-04-26,121.29201669374567,121.5057500530437,117.53953053843702,117.6773910522461
2022-04-27,113.53117356778168,116.28094605000119,111.81238510772637,113.35761260986328
2022-04-28,115.46071897101857,118.66870208583143,113.17956960106591,117.55094146728516
2022-04-29,115.77759257193108,116.95337579484945,112.88153042406998,113.17411041259766
2022-05-02,112.47539163673035,115.78850866046761,111.67699010622513,115.6273422241211
2022-05-03,115.47609513987739,117.47111160861961,115.08334509514572,116.3721923828125
2022-05-04,116.07217173392031,121.84743753057185,114.17236904181686,121.25880432128906
2022-05-05,119.21866011890872,120.04681450711568,114.06277194925556,115.55047607421875
2022-05-06,114.24030932144473,116.60774359414943,113.08089313905965,114.79769897460938
2022-05-09,112.3216628968711,114.13368999515002,111.08240885566522,111.5887222290039
2022-05-10,114.56065130362705,115.29706511899676,111.97501939704058,113.45726776123047
2022-05-11,112.30827513659509,115.41063248936665,112.30827513659509,112.67127227783203
2022-05-12,110.46451302431396,113.35809330514908,108.92424196384515,111.91899108886719
2022-05-13,113.594142514748,116.90875017939355,112.67375572924637,115.09920501708984
2022-05-16,114.0131798264507,115.21772470104247,112.95592377559407,113.50686645507812
2022-05-17,115.88272969753332,115.94174359590812,113.92838521355479,115.51824188232422
2022-05-18,114.05731760057398,114.45404021864253,110.64104923458649,110.98223114013672
2022-05-19,110.51807817312684,112.08363775970766,109.09830918068056,109.47916412353516
2022-05-20,111.03331404707964,111.26391395378205,104.92926830668526,108.0152587890625
2022-05-23,108.68918571926903,111.22819834582448,107.84962051186193,110.57410430908203
2022-05-24,104.90496623527923,105.58583938493665,101.04932840845038,105.1013412475586
2022-05-25,104.1249121947519,105.62700102602575,103.00516898284764,104.93769836425781
2022-05-26,104.8107448453719,107.75887468895839,104.3624465360755,106.90890502929688
2022-05-27,108.58553629317109,111.39729602913795,108.24385499776788,111.39580535888672
2022-05-31,111.82228915461961,114.78629421531303,111.15976563053904,112.8294677734375
2022-06-01,113.91351567650608,116.14159882441551,112.32166882859197,112.95840454101562
2022-06-02,113.06551449385536,116.93304735382672,112.02065295107872,116.65831756591797
2022-06-03,115.11111657901444,115.36799617690578,112.58797143708928,113.60208892822266
2022-06-06,115.74783813274163,118.3686786203438,115.21177191367441,115.8628921508789
2022-06-07,114.53387621473067,116.72625878645412,114.10889140185589,116.18919372558594
2022-06-08,115.80437996795135,117.59855692060148,115.64420478456094,116.23333740234375
2022-06-09,115.37393150433296,117.32927476403499,113.83515114216875,113.8941650390625
2022-06-10,111.52326952209093,112.35043272359222,109.46130906646859,110.25028991699219
2022-06-13,105.91113796225396,107.89969964994525,105.24911389802193,105.52037048339844
2022-06-14,105.66171972879,107.03982566560859,104.93274403233468,105.84073638916016
2022-06-15,107.65523726592659,110.5101436125187,106.7869179368398,108.86474609375
2022-06-16,106.34208771365974,107.75788407901256,104.27616231851945,105.16432189941406
2022-06-17,105.16431896946578,107.80846549966309,104.18491071395393,106.26522064208984
2022-06-21,108.03657603615589,111.56739902352787,107.70977872020165,110.62964630126953
2022-06-22,109.6502478770662,112.41737098859431,109.47767062090766,110.57361602783203
2022-06-23,111.31151031036939,111.81832309519362,109.5947045131696,111.3219223022461
2022-06-24,112.06875352459626,117.1110783002862,112.02659857865726,117.00792694091797
2022-06-27,117.30348135340884,117.60746457783736,114.23533394157802,114.88397979736328
2022-06-28,114.8532454023872,116.34789602426181,110.93116279588207,111.08935546875
2022-06-29,110.63757801717347,112.23289031786092,109.96364371615972,110.78585052490234
2022-06-30,109.09829563062534,109.97901690144941,105.87493689608415,108.06979370117188
2022-07-01,107.0482435979797,108.35444913580423,105.85560141078064,107.84615325927734
2022-07-05,106.22257357959492,112.4476205204141,104.8647923311928,112.33455657958984
2022-07-06,112.37323400124177,114.6419812155782,110.56219823466688,113.63282012939453
2022-07-07,114.13666975081995,118.2124805128393,113.89219223353552,117.80931091308594
2022-07-08,116.28887225514453,118.70390952621402,115.94322591003493,118.37512969970703
2022-07-11,117.03074427714583,117.03074427714583,114.38510706026808,114.728271484375
2022-07-12,115.26235327439865,116.01513422724025,112.75805737728307,113.08584594726562
2022-07-13,110.78536716192433,113.25991800982311,110.28996514675138,110.44071960449219
2022-07-14,109.30708832837976,110.18235402261737,107.48464911605639,109.46279907226562
2022-07-15,111.0824004559861,112.21305491483179,109.99091960031427,110.86122131347656
2022-07-18,111.71664615011223,112.74812177959842,107.48165230582555,108.13623809814453
2022-07-19,109.94133979066089,113.08535287704044,108.66191325988503,112.8770751953125
2022-07-20,112.24231216588865,114.45403556404811,111.55797343357686,112.9663314819336
2022-07-21,113.34321947485182,113.61101046049744,110.1992065063923,113.40272521972656
2022-07-22,110.09010519867219,111.41911725096242,105.62699282575305,107.01551818847656
2022-07-25,107.52135488788926,108.96938619860533,105.42865018559648,106.62873077392578
2022-07-26,105.72616877091382,106.32124889141323,103.2169090921242,104.15911865234375
2022-07-27,108.36437093577844,112.97625525163264,107.12461749425067,112.13321685791016
2022-07-28,111.44888067205848,113.40272578477607,110.54633651373639,113.2837142944336
2022-07-29,112.15305449933629,115.75329568436271,112.13321420730232,115.36649322509766
2022-08-01,114.35486029276694,115.76321838407448,113.4027229923445,113.91846466064453
2022-08-02,113.0655143870716,115.39624935448683,112.78781082558956,114.18624877929688
2022-08-03,114.76150045832908,117.64765022278551,114.53339005300344,117.11207580566406
2022-08-04,116.51698947915064,117.80632850385459,115.93182192650802,117.2211685180664
2022-08-05,115.27723158541431,117.14181794438285,115.0491136341377,116.50706481933594
2022-08-08,117.4195241692398,119.16509908636492,115.92189993370644,116.33846282958984
2022-08-09,116.17977937135981,116.35830417801051,114.76150106487229,115.67395782470703
2022-08-10,117.80632384689984,119.92878102588605,117.43936168959127,118.71878051757812
2022-08-11,120.28582269588738,120.49410034179289,117.58811831050487,117.8658218383789
2022-08-12,119.2741980957184,120.68255615234375,118.48075288719056,120.68255615234375
2022-08-15,120.13705992096004,121.29747484616601,119.62132583953287,121.07927703857422
2022-08-16,120.52386016096523,121.42640424546009,119.65107651347627,120.70238494873047
2022-08-17,119.13535751738875,120.2957650012785,118.40141798211481,118.57003021240234
2022-08-18,118.45100459562921,119.82960983443398,117.74682554009155,119.1849365234375
2022-08-19,118.08402472990431,118.17329090592166,115.80288310465481,116.24919128417969
2022-08-22,114.25568820182478,114.68216374085563,112.9167558336111,113.30355834960938
2022-08-23,112.54979152761548,114.0672486879377,112.5001983580296,112.92667388916016
2022-08-24,112.5696116974473,113.83911800192885,111.94477869138811,112.758056640625
2022-08-25,113.3035459506188,115.76322014148404,113.17461431501371,115.69379425048828
2022-08-26,113.77960949375512,114.17633209597903,109.28674437319086,109.43550872802734
2022-08-29,109.08839096914106,110.04052077631388,107.9081507488915,108.52306365966797
2022-08-30,109.26691796550223,109.59421472143957,106.91635005815553,108.04700469970703
2022-08-31,109.74297432432968,109.94133184491908,107.24362719051874,107.33289337158203
2022-09-01,107.39240011242691,109.54461025492617,106.47994340226887,108.8404312133789
2022-09-02,109.68346459238305,109.832236521105,106.38076712239958,106.96592712402344
2022-09-06,106.42043703294185,107.14444879573196,104.91289263064388,105.9344482421875
2022-09-07,106.18239517986085,109.07846482937784,106.02371068181908,108.55280303955078
2022-09-08,107.15436785234293,108.70157768967908,106.28158417405022,107.4915771484375
2022-09-09,108.17593072235994,110.08019027578453,108.12633755578807,109.74298095703125
2022-09-12,110.08017979616115,110.70502034132073,109.02887135324441,109.95124816894531
2022-09-13,106.91635155696838,107.41225298799911,103.23675627988764,103.46487426757812
2022-09-14,103.7128143662537,104.41699341820953,102.8102777889331,104.13928985595703
2022-09-15,103.17724342441045,104.40707676995653,101.51101442821535,102.0664291381836
2022-09-16,101.23330943767259,102.28461796293107,100.11257502049808,101.95732879638672
2022-09-19,100.91592600767855,102.48297610964131,100.71756849189899,102.22510528564453
2022-09-20,101.24323304040989,101.5308567644108,99.69601550554796,100.3109359741211
2022-09-21,100.83658693545453,102.03666739252802,98.45625874751293,98.46617889404297
2022-09-22,98.00995057481285,100.4101114902342,97.98019770206167,99.31912994384766
2022-09-23,98.81329918585423,98.84305962268306,96.67100931227313,97.93059539794922
2022-09-26,97.29585425726316,99.06126205035565,96.99831795404086,97.36528015136719
2022-09-27,98.61494711523052,99.18027437650241,96.07593451258548,96.70076751708984
2022-09-28,96.84954541208984,99.8745394269292,96.31397098941996,99.22987365722656
2022-09-29,97.83142237621783,97.83142237621783,95.17339071110857,96.62142181396484
2022-09-30,96.25446166796625,98.08929527552542,94.77667009540615,94.86593627929688
2022-10-03,95.9668494539462,98.47610954707449,95.72881131295725,97.83143615722656
2022-10-04,99.61667862054995,101.0051965284241,99.557165305316,100.80683898925781
2022-10-05,99.01165856204153,101.09444257573276,97.99010306184583,100.59854125976562
2022-10-06,99.85470635132027,102.08626265455283,99.76544016442644,100.58863830566406
2022-10-07,99.03150884851111,99.7059350605101,97.49421903648668,97.87110137939453
2022-10-10,98.18847777441846,98.2876565416277,96.21479230959145,97.05782318115234
2022-10-11,96.63133537448569,98.43641594865333,95.52051364928485,96.38338470458984
2022-10-12,96.50241351977157,97.94052452401523,95.94699881751596,96.7602767944336
2022-10-13,94.37004071240933,98.96208508756953,93.60634829648116,98.24798583984375
2022-10-14,99.1703544867437,99.86462094928686,95.58003338781863,95.76847076416016
2022-10-17,98.04961868688342,100.10265003936581,98.01986581562133,99.15052032470703
2022-10-18,102.28461724659432,102.62183412414964,99.15052441894925,99.94396209716797
2022-10-19,99.19019861679422,100.1919139812081,98.10912964670428,98.81330871582031
2022-10-20,99.18027319596912,101.48125523144144,98.57527292412537,99.15052032470703
2022-10-21,97.04789091631268,100.47952728786818,96.91895929172544,100.3010025024414
2022-10-24,100.96551960605208,101.90772916035505,99.1604389639881,101.67961120605469
2022-10-25,102.05650031802847,103.9607597041695,101.87797552764937,103.62355041503906
2022-10-26,95.63954441159298,97.50413095357072,93.91380965641918,94.15184020996094
2022-10-27,93.74518424514507,94.64772829929214,91.04748736174656,91.46404266357422
2022-10-28,91.51363539732378,95.75855747636481,91.37478361921333,95.50068664550781
2022-10-31,94.63781949338367,95.24281979479946,93.20962863501363,93.73528289794922
2022-11-01,94.66756687746879,95.2428142728165,89.62921479576478,89.7283935546875
2022-11-02,90.19454589639709,90.43257644134617,86.16782152387951,86.25708770751953
2022-11-03,85.61241853361773,85.81077606951776,82.65684282083558,82.74610900878906
2022-11-04,84.69994994578491,85.92978314388307,83.02380100389072,85.87027740478516
2022-11-07,86.56454509810828,88.17126831965837,86.1380696016579,87.7646255493164
2022-11-08,88.17127227783203,89.5796304672484,86.87200543719126,88.17127227783203
2022-11-09,87.72495193475426,88.70684212468586,86.56454451049467,86.60421752929688
2022-11-10,91.49380333022981,93.61626060159357,90.85905017805679,93.16995239257812
2022-11-11,93.9138107806014,96.13544696291301,93.1501183771832,95.61971282958984
2022-11-14,94.31051185350877,95.99658092538591,93.73527205818615,94.91551208496094
2022-11-15,97.45454708936437,99.31913366455173,95.9172496935556,97.63307189941406
2022-11-16,97.09748619804606,98.82322078363063,96.83961537638496,98.0396957397461
2022-11-17,96.17512087878868,98.46618297666177,95.99659606811966,97.55372619628906
2022-11-18,97.96035978371822,98.08929899123865,95.5800391036644,96.63134765625
2022-11-21,96.49248658714596,97.59338820085925,94.5783070537111,94.81633758544922
2022-11-22,95.16348162304233,96.42307549576248,93.27906223791702,96.25447082519531
2022-11-23,96.29413568796969,97.95045220883327,96.29413568796969,97.65290832519531
2022-11-25,97.43469190584294,97.83141448608896,96.60158129749476,96.66108703613281
2022-11-28,96.24453206128982,96.7801064114265,94.82625393968354,95.26264953613281
2022-11-29,94.94528818097686,95.33209067906634,93.33856487339783,94.40971374511719
2022-11-30,94.04272698646723,100.21174068122266,93.6460044130284,100.16214752197266
2022-12-01,100.19190039078117,101.4118209799062,99.42821567956572,100.16214752197266
2022-12-02,98.23806351073277,99.94395785152076,98.08929158774455,99.61666870117188
2022-12-05,98.58518949074,100.54895459128153,98.18846689898945,98.66453552246094
2022-12-06,98.48601001120109,98.96207106432217,95.62961342505861,96.18502807617188
2022-12-07,95.61970972120518,96.08585067198514,93.94356060039664,94.16175842285156
2022-12-08,94.59814224941029,94.79650733675184,92.6839626659769,92.94183349609375
2022-12-09,93.0013431152763,93.48733192437892,91.98970761165849,92.06905364990234
2022-12-12,91.95004005081348,92.79307094834755,90.85905844418969,92.54512023925781
2022-12-13,96.95863687909693,98.7141243795283,94.2510121002556,94.8460922241211
2022-12-14,94.4196191950435,96.07593554575189,92.83273630132557,94.29068756103516
2022-12-15,92.36659290509361,92.8724144565508,89.2721729828965,90.11520385742188
2022-12-16,90.01602009048204,90.58134735770545,88.786179227131,89.5201187133789
2022-12-19,89.52012290883614,89.81765920892968,87.48692414068339,87.71504211425781
2022-12-20,87.38773902543626,88.44896764240224,86.7232330132954,88.29027557373047
2022-12-21,88.349786515183,89.48044099017838,87.59601434290138,88.84568786621094
2022-12-22,87.43732621541874,87.81420850248641,85.61240538463248,87.04060363769531
2022-12-23,86.39594849751772,88.81594991853139,86.3562754747472,88.49857330322266
2022-12-27,88.07208282991216,88.21093460263191,86.29675508801945,86.67363739013672
2022-12-28,86.2670023652313,87.31831080815121,85.23552664693922,85.31486511230469
2022-12-29,85.90995189306291,88.12166765847456,85.90003174742517,87.72494506835938
2022-12-30,86.26700621056507,87.57618553312793,85.86036345245435,87.50675964355469
2023-01-03,88.85559860680175,90.30363718067711,87.79437004023141,88.38945770263672
2023-01-04,89.60937532240884,89.90691916874918,86.55462109181812,87.35798645019531
2023-01-05,86.75298665837843,86.85216541875592,85.19585666320351,85.49339294433594
2023-01-06,86.07857453002329,86.9711986526789,84.16439463188344,86.62406158447266
2023-01-09,87.63568639320383,89.31183536259933,87.13978504764104,87.29846954345703
2023-01-10,85.27521189352831,87.94315639958413,85.12643995349273,87.69520568847656
2023-01-11,88.44896825112974,90.8491290549015,88.28036360214634,90.76978302001953
2023-01-12,90.73011735676101,91.11691981733598,89.01429529901861,90.38298034667969
2023-01-13,90.10526696354064,91.43428641574049,89.39116786287846,91.36486053466797
2023-01-17,91.30536421618127,91.49380917136953,89.31184601733088,90.54167938232422
2023-01-18,91.3847206735028,92.03931423444145,89.89701628975767,90.37308502197266
2023-01-19,89.97635197425116,92.84266148471706,89.88708578674498,92.2872543334961
2023-01-20,94.32044460307483,97.49421809768434,94.24109856316726,97.21650695800781
2023-01-23,97.14708656455124,99.21995846507203,96.70077830680043,98.97200775146484
2023-01-24,97.29584675272618,98.79347100071968,96.40322277819845,96.89912414550781
2023-01-25,94.78659020973076,95.37175777745863,92.99142962152443,94.43946075439453
2023-01-26,95.70896088534776,96.77018947539196,94.59813913338816,96.72059631347656
2023-01-27,96.5123239826297,99.49765240364174,96.5123239826297,98.5554428100586
2023-01-30,96.68093725731849,97.48429507886306,95.60978845068932,96.1453628540039
2023-01-31,96.07593999568378,98.0694581762873,96.02634682892345,98.02978515625
2023-02-01,97.90085604626204,100.36053038415385,96.78012157695186,99.60675811767578
2023-02-02,104.93273458159672,106.9659256907038,104.74428963661705,106.85682678222656
2023-02-03,102.0862481346533,106.92624239319605,101.73911871689424,103.92108154296875
2023-02-06,101.56060951901542,103.50454212360086,101.04486781904797,102.05651092529297
2023-02-07,102.37387842734272,107.29321903254016,102.27469966826962,106.75764465332031
2023-02-08,101.2134745048074,102.29453587919534,97.23634332555855,98.5554428100586
2023-02-09,99.18027975409596,99.21003262732542,92.86249320969232,94.23118591308594
2023-02-10,94.66757593087634,95.95692262073939,93.47741557627583,93.79479217529297
2023-02-13,93.96339666886732,94.4196250562035,93.07077262109874,93.83446502685547
2023-02-14,93.65593419962755,94.0724895395363,91.50372404324449,93.90388488769531
2023-02-15,93.7154415296958,96.32388765510876,93.37823222030585,96.1453628540039
2023-02-16,94.58822952133472,96.87929141683016,93.96338895576008,94.72708129882812
2023-02-17,94.07248521564689,94.77666422937034,92.44592938203277,93.57658386230469
2023-02-21,92.23765518012942,92.33683394114578,90.96814887866952,91.0375747680664
2023-02-22,90.94831301648848,91.35495579337403,89.86725160509873,90.89872741699219
2023-02-23,91.16649105140725,91.18633134038276,89.024201420095,90.14493560791016
2023-02-24,88.70683991186095,89.15314812025682,87.85388894602733,88.39937591552734
2023-02-27,89.13330841064453,89.4209320921076,88.60764664095792,89.13330841064453
2023-02-28,88.59775024323443,90.48217716813194,88.58783009603324,89.32176208496094
2023-03-01,89.24241090828541,90.28379921055803,88.93494692364422,89.61929321289062
2023-03-02,88.92503489270483,91.52355315835904,88.85560143860462,91.245849609375
2023-03-03,91.72191687766424,92.96167025066717,91.69215644055474,92.88232421875
2023-03-06,93.24929513438325,95.18331511806566,93.22946240796787,94.3501968383789
2023-03-07,94.20143621358584,94.8857750214838,92.76331756858707,93.09061431884766
2023-03-08,93.3484777291188,95.1733911604508,93.229458674828,93.47740936279297
2023-03-09,93.27905456209555,94.74691844025844,91.14667706997915,91.563232421875
2023-03-10,91.41445442058324,92.02937482791765,89.65896694454361,89.88707733154297
2023-03-13,89.35150848107031,91.81118269560834,88.687002437022,90.36315155029297
2023-03-14,91.80126150060728,93.58650950422467,91.6822500116025,93.19970703125
2023-03-15,92.45584959444147,96.13543673086967,91.88060220810499,95.32215881347656
2023-03-16,95.41142015117943,100.36052125064333,94.71716126290511,99.49765014648438
2023-03-17,99.43815015945079,101.9969956149556,99.27945808045726,100.78700256347656
2023-03-20,99.29930764568316,100.91594362539297,99.05135692424484,100.39028930664062
2023-03-21,100.4200298260466,104.23846895297474,100.39027695383191,104.05994415283203
2023-03-22,103.41526808239401,105.71625013011207,102.48297865485124,102.52265167236328
2023-03-23,104.19880057571585,105.42864150563719,103.60372040435178,104.734375
2023-03-24,104.12936781949888,104.62526919076385,102.98879315221856,104.57568359375
2023-03-27,103.7623993547433,103.9012511249283,101.09444771774577,101.62010192871094
2023-03-28,101.60028121184264,101.61019379170308,98.92240911282488,100.20183563232422
2023-03-29,101.44157984306125,101.64985750388202,99.8249441518215,100.55887603759766
2023-03-30,100.0828209446528,100.33077163663715,98.96207897409658,100.06298065185547
2023-03-31,100.46961133865507,103.03837656666258,100.21174053127761,102.87969207763672
2023-04-03,101.5506793026603,103.67313650572234,101.09445096214598,103.50453186035156
2023-04-04,103.47478504857116,104.71453851392779,103.18716133658586,103.86158752441406
2023-04-05,104.91289907946413,105.2302756731111,102.8102819841236,103.61363983154297
2023-04-06,104.39715731293522,108.27510204632019,103.47478047282404,107.53125
2023-04-10,106.10306402969181,106.7080567599706,104.25831026578564,105.56748962402344
2023-04-11,105.67658753468932,105.85511233488984,103.82191364187591,104.48641967773438
2023-04-12,105.70633385627954,105.87493849967197,103.48469035438097,103.78223419189453
2023-04-13,104.97241453656348,106.608890822972,104.97241453656348,106.54938507080078
2023-04-14,106.01379677904549,108.04699547084493,105.96420361413152,107.97756958007812
2023-04-17,103.80208203407157,105.2897861961485,103.66322268410477,105.1013412475586
2023-04-18,105.61706440974724,105.66665757008278,103.21690375984336,103.64337921142578
2023-04-19,102.73093910158751,104.11946457904193,102.22511753880913,103.32601928710938
2023-04-20,103.05822535639409,105.37904011363008,103.01855233915232,104.42691040039062
2023-04-21,104.60544233096776,105.13109660328743,103.92109597885471,104.54593658447266
2023-04-24,104.62527258627793,105.75592714410803,103.84174748622819,105.1013412475586
2023-04-25,104.96247556626224,105.815426444928,102.98878285777673,102.99870300292969
2023-04-26,104.05993599383254,105.47821413741524,101.78870693498448,102.85985565185547
2023-04-27,103.59379357823073,107.48166608530138,102.6912570160058,106.70805358886719
2023-04-28,106.16256199648849,106.47001841232823,104.22854218991014,106.46009826660156
2023-05-01,105.96419371928604,107.10476830411024,105.94436099528517,106.32124328613281
2023-05-02,106.2617379751714,106.32124371426752,102.85985449785488,104.45665740966797
2023-05-03,104.66494807746287,106.60888065380296,104.09962078519486,104.54593658447266
2023-05-04,104.62527823765616,104.73437715411653,103.11774126807067,103.83184051513672
2023-05-05,103.96076069275621,105.01206915340022,103.25658167035746,104.7046127319336
2023-05-08,104.31782331926341,107.07503401183828,104.29799059182162,106.88658905029297
2023-05-09,107.50149988087897,109.2470748463162,106.31133960304034,106.47002410888672
2023-05-10,107.08494816131481,112.01420922516127,107.04527514179809,110.8339614868164
2023-05-11,114.4540486758181,116.95338849067711,113.47216598785796,115.61445617675781
2023-05-12,115.7235547629223,117.06248707301147,115.15822745124665,116.5467529296875
2023-05-15,115.15822426414559,117.50879963545604,115.05904549704219,115.55494689941406
2023-05-16,115.535101164742,119.76018303268906,115.47559542065336,118.53034973144531
2023-05-17,118.62952837460274,120.67263963270652,117.91542917883902,119.84944152832031
2023-05-18,119.95854133598478,122.29919646548392,119.83952984703524,121.82313537597656
2023-05-19,122.5372406458961,124.93740163874087,121.14871519349788,121.75371551513672
2023-05-22,121.93222852186562,125.39361788753433,121.73386343823515,124.02493286132812
2023-05-23,123.14223409458985,123.60837503480265,121.20821417591823,121.55534362792969
2023-05-24,120.12715625884692,120.9106813684256,118.87748262878495,119.9089584350586
2023-05-25,123.49928751875201,124.29273282527676,120.96027464484123,122.46781921386719
2023-05-26,122.16034830832359,124.2332200823341,121.44624908602053,123.58854675292969
2023-05-30,124.61010271936992,124.62994301273424,120.99994114625623,122.65625
2023-05-31,121.74378917189807,123.04304837018027,121.49583848112029,121.86280822753906
2023-06-01,121.81320947582672,123.40009231065325,121.61485195904373,122.7058334350586
2023-06-02,122.97361463292732,125.1159120966453,122.74550424940523,123.64804077148438
2023-06-05,122.99346054966021,126.38542412216299,122.82484833216863,124.97706604003906
2023-06-06,124.97706418870804,127.2383656366913,124.3323909005138,126.26640319824219
2023-06-07,125.92920166945693,127.9822255786917,121.11895964321234,121.49584197998047
2023-06-08,121.22806013248871,122.21986293706264,120.24616990782498,121.1387939453125
2023-06-09,121.2478905876319,122.74551491320051,120.9106812724846,121.22805786132812
2023-06-12,121.78345693305364,123.0331304793446,120.66272258318774,122.6264877319336
2023-06-13,123.95550842884325,124.1340332227792,122.17026048948374,122.81493377685547
2023-06-14,122.09092270879414,123.03313990537379,120.45444658155986,122.65625
2023-06-15,122.13060083541116,124.43158311632118,121.39666885419425,124.06461334228516
2023-06-16,124.89772318191494,125.07624798326509,122.26944432692575,122.51739501953125
2023-06-20,121.92231483974503,123.54887077747642,121.1387897432877,122.0909194946289
2023-06-21,121.39665450345422,121.65452532950529,119.11550521954592,119.56182098388672
2023-06-22,119.01632293916366,122.22976153980194,117.85591560655178,122.1405029296875
2023-06-23,120.38500565741582,121.78345105765439,120.06762910490728,121.3371353149414
2023-06-26,119.77010249354858,120.99993578775403,117.30050819204033,117.36993408203125
2023-06-27,116.1202700370029,118.10387557545451,115.14829999374557,117.36002349853516
2023-06-28,116.1301803056411,119.4031324056984,115.89214976448287,119.19485473632812
2023-06-29,118.26255477904468,119.0758327106557,117.33026536325183,118.12370300292969
2023-06-30,119.18492899866601,120.08747309044965,118.70886793868348,118.71878051757812
2023-07-03,118.26255895127434,119.2047761131289,117.84600360823359,118.91715240478516
2023-07-05,118.26255664547801,121.60493460466255,118.25264406620929,120.75198364257812
2023-07-06,118.81797081927608,119.31387218735846,117.42944547527459,119.12542724609375
2023-07-07,119.11552328876944,120.05774055629345,118.42126430584051,118.5006103515625
2023-07-10,117.33027892845527,117.34019150871362,115.18798116324814,115.49543762207031
2023-07-11,115.33673304046103,116.74509101139748,114.40443611219281,116.17976379394531
2023-07-12,117.82618462224083,119.34364181087993,117.4393821061899,117.95511627197266
2023-07-13,119.938710617678,123.80674297722868,119.4626419533475,123.51911926269531
2023-07-14,123.77698624657505,125.74075145445121,122.47771949840582,124.39189910888672
2023-07-17,124.90764611490182,126.05813341949313,123.18190380773267,123.62821960449219
2023-07-18,123.57861693621366,123.65796296956178,121.95206108684837,122.7455062866211
2023-07-19,123.57861868845079,124.1538660880998,120.80157558357863,121.0296859741211
2023-07-20,120.42468845421087,123.0727999886977,117.25092267132642,118.22288513183594
2023-07-21,119.63125870411923,119.99822090421563,117.7567519823055,119.03617095947266
2023-07-24,120.66273743006377,121.99174960669664,119.98831119460458,120.53379821777344
2023-07-25,120.36518297759501,122.14051081744289,120.02796610605938,121.20821380615234
2023-07-26,129.00378761340536,129.90631659089652,127.26813284588675,128.21034240722656
2023-07-27,130.59066029279523,132.14779780312753,127.73426366088836,128.33926391601562
2023-07-28,129.7079618698937,132.64370465595107,129.49969176817697,131.4932098388672
2023-07-31,131.64197739889866,132.43542264148525,130.6997677943249,131.63206481933594
2023-08-01,129.70797201734953,131.5428132938943,129.6087856815379,130.47166442871094
2023-08-02,128.3888654416219,129.0236186085389,126.51435881324909,127.32764434814453
2023-08-03,126.92098030882784,128.3293381889567,126.37548585046993,127.39704132080078
2023-08-04,128.22025231793552,130.43196810964983,126.8614874567136,127.05984497070312
2023-08-07,128.10124510100812,130.53115877911966,127.962393323222,130.45181274414062
2023-08-08,129.54930137464623,130.43200542810587,128.47815233218188,130.32290649414062
2023-08-09,130.58075827957177,130.9576330468754,127.94255923989908,128.59715270996094
2023-08-10,130.2435507528464,130.9675625582551,128.38886922887625,128.6269073486328
2023-08-11,127.60532379343039,128.86490217591898,127.11933508026378,128.49794006347656
2023-08-14,128.3293638886943,130.29312919834737,127.90289594820355,130.2534637451172
2023-08-15,130.0253428626258,130.3427118640274,128.22025464503122,128.71615600585938
2023-08-16,127.64501190185547,129.21206207522133,126.8218213636926,127.64501190185547
2023-08-17,128.73599949955613,130.90804993539842,128.23017041335734,128.85501098632812
2023-08-18,127.45658011346536,128.19051967813363,125.34404274535204,126.41519165039062
2023-08-21,126.13746322133102,127.6747528117732,125.52254284504185,127.31770324707031
2023-08-22,127.4565767415667,129.21207199508038,127.2681469154346,128.02191162109375
2023-08-23,129.1129069006594,132.3164414776242,128.8054503929468,131.2849578857422
2023-08-24,132.85197153912117,133.14951538235977,128.50788590918833,128.71615600585938
2023-08-25,128.47811371877063,129.68811421046675,126.20689221900474,128.81533813476562
2023-08-28,130.23360950918428,131.45352258706555,129.0732021716326,129.93606567382812
2023-08-29,131.15600145683445,135.45050919179718,131.15600145683445,133.46690368652344
2023-08-30,133.67515487184195,135.16285879025574,132.97098349200195,134.76614379882812
2023-08-31,134.8950799084139,136.8687727314443,134.67688210350767,135.05377197265625
2023-09-01,136.3332062668677,136.3332062668677,133.74460060567057,134.54795837402344
2023-09-05,134.32979244756098,135.30175509011016,133.47684131487563,134.65708923339844
2023-09-06,134.9050286366341,135.41084264478113,132.57428587282706,133.35781860351562
2023-09-07,132.49492113945962,134.46861399155742,131.8601680068501,134.15122985839844
2023-09-08,133.80410329196144,135.53975798327252,133.74459755250976,135.26205444335938
2023-09-11,135.42077846449305,136.35307573000554,134.67692619524962,135.79766845703125
2023-09-12,135.14304760406196,135.74804793318728,134.08182644991697,134.2305908203125
2023-09-13,133.9826247837674,135.7777852717878,133.05032781273377,135.58935546875
2023-09-14,136.47205520158755,137.5630290724014,135.1232029476824,136.96795654296875
2023-09-15,136.84894433199983,137.3845263119322,135.36124015129133,136.27369689941406
2023-09-18,135.49018160432044,138.019281780227,135.49018160432044,137.0770721435547
2023-09-19,136.2935192027612,137.2754092805613,135.50007405103756,136.90843200683594
2023-09-20,136.94811189062173,136.94811189062173,132.5246654075392,132.64369201660156
2023-09-21,130.36257622016777,131.14609385607787,129.00381108346423,129.3707733154297
2023-09-22,129.68812598105728,130.94771974828387,128.5376462586181,129.18231201171875
2023-09-25,128.76577182393018,130.09478407268804,127.90290814706238,130.0352783203125
2023-09-26,128.70626610077014,129.2914261775441,126.17716568825698,127.51610565185547
2023-09-27,127.5161024517244,129.8269898246319,127.5161024517244,129.46994018554688
2023-09-28,128.77566411264445,132.20730825142687,128.72607094890918,131.2254180908203
2023-09-29,132.187437482752,132.9511296538176,129.29137596607703,129.7872772216797
2023-10-02,130.1344474612235,133.31812586216128,130.09476687574428,133.07017517089844
2023-10-03,132.84205311611007,133.1594221035501,130.75926143877368,131.34442138671875
2023-10-04,131.70147985901755,134.45870541332442,131.44361659343454,134.13140869140625
2023-10-05,133.9628143310547,134.37936969993646,132.35608346969923,133.9628143310547
2023-10-06,132.91148163496393,137.02747214489506,132.91148163496393,136.4522247314453
2023-10-09,135.8174603789753,137.80106572376255,134.49836100864687,137.2853240966797
2023-10-10,137.36466401043336,138.5746644275756,136.20425675144423,136.9282684326172
2023-10-11,137.44403543423456,139.95329533664227,137.44403543423456,139.39788818359375
2023-10-12,139.89376180106655,140.06236642948565,137.1266240317535,137.830810546875
2023-10-13,138.23746980650327,138.8523826583463,135.50008457709373,136.23402404785156
2023-10-16,137.03737818636395,138.4854167971643,136.8588609633149,137.9597625732422
2023-10-17,137.49361518669917,138.75319373814438,136.0554891433646,138.57467651367188
2023-10-18,138.30687783957188,139.56647145456625,136.2538542039491,136.8291015625
2023-10-19,137.3646557595033,138.51515037123917,136.25384172538935,136.6208038330078
2023-10-20,136.20426349098727,136.73983027790308,133.97270746704044,134.4884490966797
2023-10-23,133.93304944521964,136.53158318839846,132.85198797694417,135.38108825683594
2023-10-24,136.70018711343607,138.2176442463873,136.2935443173615,137.67214965820312
2023-10-25,127.10943743152842,127.25820178277296,124.04476315937147,124.58033752441406
2023-10-26,122.25952391827924,123.31083999813282,120.27591838168972,121.27764129638672
2023-10-27,121.87272000373477,122.29919549173574,119.22460845972752,121.16854095458984
2023-10-30,122.20001252709248,124.37206291068779,121.74378418278033,123.43976593017578
2023-10-31,124.03484388332474,124.34230786737872,121.6842763149313,123.06288146972656
2023-11-01,123.05297186152897,125.45313279745749,122.70584239837481,125.41345977783203
2023-11-02,127.36730789447058,127.92271501549958,125.88952390924445,126.44493103027344
2023-11-03,126.970599202535,128.4682159884043,126.81190712180837,128.041748046875
2023-11-06,127.9921517032279,129.27157062977093,127.61526180428386,129.18231201171875
2023-11-07,129.63854481279463,130.8287050924927,128.8153467097953,129.8964080810547
2023-11-08,129.89641375169958,131.1262546701782,129.70796879855988,130.75927734375
2023-11-09,130.8782957156304,131.46345569784398,129.0037891497348,129.17239379882812
2023-11-10,129.03354879478132,131.71141329610631,128.34920244954847,131.5031280517578
2023-11-13,130.69977620897475,131.50313408284546,130.17412191783197,131.00723266601562
2023-11-14,133.0899929477425,134.58760942147106,132.22712953091224,132.524658203125
2023-11-15,133.76444546334056,133.92313755134404,132.47511386601616,133.51649475097656
2023-11-16,134.0818138246226,136.09517216084916,133.21895029015656,135.8075408935547
2023-11-17,134.88518254388185,134.94468829125762,132.55443988026462,134.20083618164062
2023-11-20,132.5941051889177,135.53976041427174,132.52467173584012,135.13311767578125
2023-11-21,135.17279523893023,136.05549911438757,134.84551363674532,135.84722900390625
2023-11-22,136.34310866753836,138.2771207680308,136.34310866753836,137.35475158691406
2023-11-24,136.8985310833705,136.99771741092056,134.87526015124462,135.56951904296875
2023-11-27,134.91491921563218,137.2853270482676,134.88516634551732,135.29180908203125
2023-11-28,134.96450328347996,136.12491054089853,134.30990991764168,136.0753173828125
2023-11-29,136.44230617886066,137.15639020757226,133.7346738823066,133.88345336914062
2023-11-30,133.94296597089948,134.43886735166274,130.2038653225059,131.44361877441406
2023-12-01,130.7790985107422,131.02704917414542,129.59885093154966,130.7790985107422
2023-12-04,128.81534267439568,128.96410702955671,126.85156995087304,128.21034240722656
2023-12-05,127.89295847123121,131.05681158807658,127.19869958988002,129.91624450683594
2023-12-06,130.3625665785439,130.75928165761354,128.81535658297804,128.95420837402344
2023-12-07,133.9330343345262,137.42418419027493,133.59582503757497,135.8075408935547
2023-12-08,133.09992075278979,135.281883689647,132.93131610801126,133.88345336914062
2023-12-11,131.29485865478858,132.24698086173262,130.28321556791462,132.1973876953125
2023-12-12,130.7295139721899,131.90976162921305,130.18401944998905,131.43370056152344
2023-12-13,132.28666474618618,132.40567624159368,130.49150406647652,131.48330688476562
2023-12-14,132.28667330356268,132.623882651504,128.62691824593966,130.8584747314453
2023-12-15,130.54106870618423,132.41557523506742,130.10467308952005,131.51304626464844
2023-12-18,131.5427856233193,136.02572254525143,131.34441299342456,134.68679809570312
2023-12-19,135.71827586427287,136.34311639898218,134.96451127135808,135.5298309326172
2023-12-20,137.83080359315892,140.53842035668632,136.93818733863088,137.20596313476562
2023-12-21,138.34659720706435,139.53675770538266,138.03912558410573,139.2689666748047
2023-12-22,139.61607052198642,140.82607102846447,139.5565647812921,140.33016967773438
2023-12-26,140.4293579031904,141.510419346836,140.032642827964,140.3599395751953
2023-12-27,140.42934564037535,140.9153344287429,138.74328401733115,139.21934509277344
2023-12-28,139.62599994946305,139.98304957042203,138.60444425438513,139.08050537109375
2023-12-29,138.4854161342685,139.20942786934887,137.6423777840169,138.544921875
2024-01-02,137.41427392066478,138.30689034141093,135.36123496575607,137.03738403320312
2024-01-03,136.1249259824603,138.48542134501582,135.9563213328076,137.78123474121094
2024-01-04,137.28533097133266,138.01927043379123,135.2323072061994,135.27197265625
2024-01-05,135.62901355461221,136.03565627670122,134.04212324747374,134.61737060546875
2024-01-08,135.17280399831742,137.87050896561743,135.1430511234635,137.701904296875
2024-01-09,137.3646876105234,140.33018342656837,137.01755057751834,139.7946014404297
2024-01-10,139.84417181388054,141.82777708783627,139.75491320864225,141.11367797851562
2024-01-11,142.31377441409103,144.02958884214235,139.48713067468557,140.9153289794922
2024-01-12,141.5005074082221,142.0261616954496,140.6574840861167,141.4806671142578
2024-01-16,140.83598692471,143.16672938152487,140.29049239931624,141.3219757080078
2024-01-17,140.19132176728564,140.67729541881693,137.76139297479475,140.31033325195312
2024-01-18,140.88559276545064,143.02789047593322,140.826087018,142.30386352539062
2024-01-19,143.55355857974237,145.24953308023393,143.19650892694762,145.18011474609375
2024-01-22,145.8942062192311,147.1736252450607,144.64452493468394,144.79330444335938
2024-01-23,144.6941039011729,145.9735228014156,144.30730143052193,145.8346710205078
2024-01-24,147.32237177289502,148.6216460696022,146.88599128129252,147.48106384277344
2024-01-25,148.83982840267183,151.79539601165686,148.31415908415644,150.62506103515625
2024-01-26,149.86139776851957,151.28958097989496,149.77212402167038,150.9424591064453
2024-01-29,150.8135368633547,152.51943895245324,150.18869623371097,152.25164794921875
2024-01-30,151.5474722147389,152.3607426484438,149.95066908718712,150.2184600830078
2024-01-31,142.44270331878081,142.81959319917652,138.72344307921892,138.95156860351562
2024-02-01,140.9550061040643,141.88730313768718,139.63590659199247,140.0028839111328
2024-02-02,138.11845552974717,141.45091361668173,135.38108518943704,141.212890625
2024-02-05,141.6493070186904,144.27757882789592,141.6096264251294,142.5022430419922
2024-02-06,143.46424153576635,144.16842804795627,142.01621819950975,142.91876220703125
2024-02-07,143.57336464859975,144.4263156427516,142.7501665270815,144.3469696044922
2024-02-08,144.63459744507298,145.13049882211826,143.91058567202538,144.7139434814453
2024-02-09,145.47762057784595,148.21500586230158,144.9817192012369,147.7786102294922
2024-02-12,147.20339802587455,148.11585496103888,146.16200185916426,146.32069396972656
2024-02-13,143.7320585231407,145.46771340579025,142.51214532877424,143.95025634765625
2024-02-14,144.88256517546307,145.31896085998756,142.90887201453117,144.74371337890625
2024-02-15,141.9666478509511,142.34353774622787,139.30862369230854,141.5996856689453
2024-02-16,141.81787214200648,142.01622965333587,138.9912284210113,139.3681182861328
2024-02-20,138.51515719528518,140.91531771364487,138.3465525663512,139.9631805419922
2024-02-21,140.29049590728383,141.5203367649503,139.5268035526364,141.38148498535156
2024-02-22,143.74195461013204,143.8113880616519,141.6294252005615,142.90884399414062
2024-02-23,142.4923064572686,143.49402183711422,142.2542683371376,142.77993774414062
2024-02-26,140.97486857968562,141.2724124869367,136.26380463829744,136.4423370361328
2024-02-27,136.8886564671477,138.10856993904395,135.9662717929971,137.74160766601562
2024-02-28,136.76958362182845,136.87868252205917,134.30000463233606,135.26205444335938
2024-02-29,136.15467711991738,137.72172724425474,135.2818858775754,137.32501220703125
2024-03-01,137.29525760665743,137.7316532704347,135.79764079115824,136.01583862304688
2024-03-04,134.54797432652032,134.54797432652032,130.8287137478375,132.2569122314453
2024-03-05,130.79895621305897,132.14780860687847,129.59886818360178,131.5824737548828
2024-03-06,132.02880884320837,132.48504487625735,129.777426958027,130.32290649414062
2024-03-07,131.70149485455573,133.8338800794751,130.53117474630065,133.27847290039062
2024-03-08,133.10985799917378,136.95804250148979,132.90157275617153,134.30001831054688
2024-03-11,135.01410391751668,137.9597590931876,135.01410391751668,136.54147338867188
2024-03-12,135.90671866415707,138.23746099222168,135.90671866415707,137.3646697998047
2024-03-13,137.86058646627538,139.9334506450809,137.85067388660744,138.64410400390625
2024-03-14,140.03262465964323,142.41294506959082,139.30861293112127,141.92697143554688
2024-03-15,141.33189197321508,142.00631057950346,138.88213796831596,140.022705078125
2024-03-18,147.39180580449582,150.9027808454485,145.96360743742733,146.46942138671875
2024-03-19,146.9454947247472,147.57032014783982,144.882543249734,145.8247528076172
2024-03-20,146.78679725990156,147.639748173652,145.53713132595888,147.52073669433594
2024-03-21,148.24474177717806,149.13735809948852,145.69580172878864,146.39007568359375
2024-03-22,147.89760470002383,150.33744585104463,147.75875293589795,149.53408813476562
2024-03-25,148.71090455162476,149.14730017654827,146.60828759558476,148.83984375
2024-03-26,148.98861304571224,151.011884033954,148.7505749332153,149.43492126464844
2024-03-27,149.94072668288968,150.3969625890798,147.679417711027,149.63327026367188
2024-03-28,149.61343338917058,150.1886655992159,148.9389997285373,149.69276428222656
2024-04-01,149.45476709366227,154.4633742852125,149.3754210532241,154.21542358398438
2024-04-02,152.24172129726563,153.43188156405296,150.90278153856184,153.29302978515625
2024-04-03,152.34091364414047,153.80877752671594,151.47803493131784,153.65008544921875
2024-04-04,152.24170609339924,153.501299690698,149.216704997701,149.29605102539062
2024-04-05,148.80016963270904,152.1623804461379,148.37370170217739,151.2499237060547
2024-04-08,151.52761905486636,153.99721328727458,151.35901440772807,153.58065795898438
2024-04-09,154.81048561572567,157.26023958727896,153.91786920573918,155.31631469726562
2024-04-10,154.92954089050068,155.3262560052682,153.4120684989216,154.860107421875
2024-04-11,155.6237647430745,158.3710473161656,155.17745655638205,158.103271484375
2024-04-12,156.6651983253072,158.90666751104175,155.85191265414585,156.43707275390625
2024-04-15,157.5577715629048,157.93466141742405,153.32276995678504,153.59056091308594
2024-04-16,152.9260835145476,154.37410719737133,152.1723036646899,153.1343536376953
2024-04-17,154.3443362556772,155.7923749027095,153.3128680735991,154.19557189941406
2024-04-18,154.0666189232005,155.65350920539763,153.35251980958253,154.7311248779297
2024-04-19,154.91959354072858,155.07828562000708,151.0515686940003,152.82688903808594
2024-04-22,153.04507926507185,156.34778422424392,152.7971285786509,154.99893188476562
2024-04-23,155.67336083793805,157.66687884737183,154.99892712206798,156.9626922607422
2024-04-24,156.19902087415394,158.2619724145378,155.8816367293061,157.82557678222656
2024-04-25,150.08950510920468,155.20721069723666,149.63326920623868,154.72122192382812
2024-04-26,172.9406579042473,173.2778823744627,168.25934724716632,170.54049682617188
2024-04-29,167.67417460775002,168.1601634153097,163.8557430067843,164.78802490234375
2024-04-30,164.25245175294467,166.7220460143007,161.26713096501757,161.44564819335938
2024-05-01,162.95318026028562,165.75005589531395,161.75309238141418,162.51678466796875
2024-05-02,163.43917993284745,165.36327982367402,162.54656344896563,165.25418090820312
2024-05-03,166.18647914228734,166.5832093530068,161.71345384411,165.86911010742188
2024-05-06,166.08730795373265,166.76172661144676,164.6690220425713,166.72206115722656
2024-05-07,167.1187643454893,170.35203588113026,167.00966543700736,169.84622192382812
2024-05-08,167.6146567610361,168.75522381569002,167.35679350646177,167.99154663085938
2024-05-09,168.00146814371737,169.2908147525702,166.80138015076668,168.56680297851562
2024-05-10,166.65261946945532,168.45770778843482,164.8277059911993,167.2675323486328
2024-05-13,162.91350746089623,167.89236129533526,162.65564420480408,167.75350952148438
2024-05-14,168.37836010153808,169.8462239602229,167.41631020621995,168.9436798095703
2024-05-15,169.23130735927975,171.23473800953292,169.11228073886124,171.09588623046875
2024-05-16,171.8694782348091,173.68447893916473,171.27440571230892,172.75218200683594
2024-05-17,172.75219674772163,174.8250760090424,172.2662230829347,174.61679077148438
2024-05-20,174.74573004665857,177.30458297385175,174.63663113812171,175.46974182128906
2024-05-21,175.44989566739218,176.6896490712989,174.36883433127562,176.39212036132812
2024-05-22,175.19203685040134,175.69785080388766,173.77376618454468,174.93417358398438
2024-05-23,175.61851492474267,176.7888348703636,171.53227742671908,172.1273651123047
2024-05-24,173.5456447964723,174.32917746118142,172.22654529374813,173.55557250976562
2024-05-28,173.01996737259077,175.81685807916702,172.94062134541406,174.9539794921875
2024-05-29,173.99196607552997,175.3904117210104,173.28779452948098,174.45811462402344
2024-05-30,173.76383985817733,173.78368015073974,170.38178882747087,170.6991729736328
2024-05-31,170.4512300886902,171.64139042387083,168.05106912485823,171.0859832763672
2024-06-03,171.12564767729586,173.09934068848278,169.75697011042396,171.75048828125
2024-06-04,171.85958824102724,172.42492310208857,170.480982952228,172.3654022216797
2024-06-05,173.7638369582265,175.2019479039631,172.50424324144495,173.9721221923828
2024-06-06,174.4580976777925,175.6978511153371,174.30933331877074,175.2812957763672
2024-06-07,175.5986571248054,176.4119274047294,172.87119991627856,173.02989196777344
2024-06-10,173.7349014501534,175.81014466476933,171.54049500356726,173.7746124267578
2024-06-11,174.97607487552963,175.59169348463175,172.54337230776866,175.3732452392578
2024-06-12,176.99174796777623,179.13650434238232,174.8668546571235,176.5349884033203
2024-06-13,174.86685975128964,175.49241749987627,173.64554642645388,173.92356872558594
2024-06-14,172.99018739624864,175.8101362841722,172.92067425165644,175.5420379638672
2024-06-17,174.2214424940307,177.10096546528717,173.57602172386774,175.98887634277344
2024-06-18,175.88956648496008,176.13780173263285,172.8710325397334,173.85403442382812
2024-06-20,174.1320835908328,176.03852876935733,173.7547762588124,175.05552673339844
2024-06-21,175.75055979188994,179.57338876304848,175.3633134017814,178.36199951171875
2024-06-24,178.8882466857276,179.61308934299385,177.4087592034553,177.9548797607422
2024-06-25,178.35206806848578,182.98910099326696,178.15348288701358,182.73094177246094
2024-06-26,181.34083960482536,183.2075585872156,181.19188934781172,182.58201599121094
2024-06-27,182.8798679380617,184.7366779293804,182.72100889129027,184.1011962890625
2024-06-28,183.01892295771628,183.82320287786322,180.6755812003218,180.86422729492188
2024-07-01,181.7379989393426,182.58200489120532,180.02021516731907,181.6982879638672
2024-07-02,180.76493422110232,184.26009121150622,180.27838761712013,183.9324188232422
2024-07-03,183.54517717367796,184.77641449987277,182.70117113788092,184.50833129882812
2024-07-05,184.54803142014995,189.51273686548802,184.48845737897847,189.25457763671875
2024-07-08,188.55950207105113,188.8276004007438,186.4544718628467,187.69564819335938
2024-07-09,188.96660951335545,190.00920064999954,187.38783687416534,187.64599609375
2024-07-10,187.8147905079295,190.3964432565855,187.69564243220248,189.83045959472656
2024-07-11,188.50987272919218,189.51273777959946,183.77353946919203,184.2600860595703
2024-07-12,183.77351953652854,185.78918852634615,183.18768799095292,183.7635955810547
2024-07-15,183.61465170436622,186.91122316515236,183.61465170436622,185.21328735351562
2024-07-16,186.03743905754484,187.34811338839907,182.0755987428797,182.62171936035156
2024-07-17,181.67841945681636,182.2543270659603,178.63008325599765,179.7421875
2024-07-18,180.64579110846435,181.21177488335857,175.22434046505242,176.43572998046875
2024-07-19,177.61728826175099,179.01732353591333,175.87964153783852,176.40589904785156
2024-07-22,179.31522557776697,181.41033185766577,178.9577661837674,180.38760375976562
2024-07-23,180.76493403159583,182.31391975552617,180.25852436340998,180.5067596435547
2024-07-24,172.37456144038464,174.9462749610045,170.60712769523397,171.41140747070312
2024-07-25,171.30219882616154,172.19583973492487,166.0098210682456,166.09918212890625
2024-07-26,165.9701020997129,166.90346917641645,162.90191767605657,165.8211669921875
2024-07-29,167.63824201341453,169.22693862858085,166.80417515412134,168.3332977294922
2024-07-30,169.03828621199597,170.0212881339037,167.25098932978506,169.08792114257812
2024-07-31,172.01709806342805,173.01996298271357,168.80988784082692,170.32908630371094
2024-08-01,169.04818628966126,172.82136469667938,167.68786212057907,169.55458068847656
2024-08-02,165.26510279286998,167.32048278839775,163.50759297707282,165.48355102539062
2024-08-05,154.4023257364845,163.26928160754815,153.83634209310054,158.1258544921875
2024-08-06,158.2052897951303,159.4365420774317,155.30590392172098,157.17262268066406
2024-08-07,160.11174561926643,161.82952940748444,157.35137068982363,157.81805419921875
2024-08-08,159.37695589283805,162.5345161798724,159.07908571101373,160.88623046875
2024-08-09,158.88048081312152,162.63379650679866,157.9371899119943,162.5146484375
2024-08-12,163.1898806325975,163.73598613275442,160.6975887017958,161.1444091796875
2024-08-13,162.25651485029758,163.56718927271257,161.81961832579947,163.001220703125
2024-08-14,161.25363005478357,162.0678490367502,156.59674898008666,159.2379608154297
2024-08-15,159.36703635252704,160.49898852805327,158.4833194361169,160.16139221191406
2024-08-16,160.3302046522989,163.89485965448893,159.99260830608642,161.8096923828125
2024-08-19,164.1132970310061,165.5133475605536,163.1004929084528,165.4934844970703
2024-08-20,165.72185564699794,167.44957853320707,165.642433695725,165.9998779296875
2024-08-21,163.98420467240848,165.67221654044488,163.50759722139043,164.6792755126953
2024-08-22,166.07930514645545,166.406977492495,162.15719125168386,162.64373779296875
2024-08-23,163.5572714789503,165.0069571091441,162.67355443967108,164.45091247558594
2024-08-26,165.20552403193696,166.36726315289178,163.29907918080005,164.98707580566406
2024-08-27,164.6693476557718,165.26511837355505,163.29909924659626,163.5175323486328
2024-08-28,163.87498286647468,164.4310425767687,160.38976526426643,161.70045471191406
2024-08-29,163.15012461387778,164.7984102225247,159.11878679232862,160.6379852294922
2024-08-30,161.47205499845862,162.50472208741948,160.54862717284777,162.22669982910156
2024-09-03,160.57843019098567,160.70751737773818,155.37541355771157,156.24920654296875
2024-09-04,155.55413584223268,157.8776140734706,154.85908019413716,155.34561157226562
2024-09-05,155.19666851330035,158.3244263445636,154.8789201470245,156.13003540039062
2024-09-06,156.1896446256026,156.71590221863735,149.4872919188711,149.85467529296875
2024-09-09,151.63435601744013,152.51924546184443,146.3747353094781,147.85618591308594
2024-09-10,149.58618882434916,150.40148807942415,147.4883027750186,147.8064727783203
2024-09-11,149.05927369184766,150.63020437651454,146.6730587008917,150.2921600341797
2024-09-12,152.91697508053775,153.9311230962661,151.77356859256676,153.80186462402344
2024-09-13,154.53761027887018,157.47068534964538,154.318887339598,156.55596923828125
2024-09-16,156.4068176480649,157.3414231577179,155.7009025392383,157.1525115966797
2024-09-17,158.107008079676,159.628222536102,157.47068317745328,158.40528869628906
2024-09-18,158.9422025434275,159.57852752922,157.6894419945441,158.89248657226562
2024-09-19,162.77008449382728,162.8496118323656,160.41368126049775,161.20909118652344
2024-09-20,162.56127720516508,162.7899524297552,161.12954242807913,162.6507568359375
2024-09-23,163.40642311261095,164.5398774216767,160.74180191250147,160.9207763671875
2024-09-24,162.0940027861785,162.2829143760533,159.76744095244402,161.35824584960938
2024-09-25,160.5429615292226,161.87526461274848,160.3739393623142,160.56285095214844
2024-09-26,162.70049439754706,163.13797065652983,161.34830194759303,161.79571533203125
2024-09-27,161.87524329123835,164.7486500925775,161.69628402203105,163.00869750976562
2024-09-30,162.38232355982177,165.19606207708327,162.32265529939457,164.89779663085938
2024-10-01,166.72724331239,168.18880481054381,163.63509815814953,166.03126525878906
2024-10-02,165.46452779504156,166.5582184121097,163.7842281975384,164.90774536132812
2024-10-03,163.4660733087808,165.6832659184552,162.9788810936898,164.90774536132812
2024-10-04,167.0950886229922,167.26411075507784,164.52989975669306,166.100830078125
2024-10-07,166.75705707061962,167.51268816069472,161.81559051224986,162.0442657470703
2024-10-08,162.99875730912473,163.78421492779364,161.93489332497202,163.4362335205078
2024-10-09,162.5115774919813,163.89359644421285,158.8228863013817,160.9307098388672
2024-10-10,159.94636978765286,162.13375075790051,159.47906705048007,161.14942932128906
2024-10-11,161.19915249290503,162.9589793006072,160.3142629412503,162.3027801513672
2024-10-14,162.70048027253844,165.27560646204375,162.46185274166893,164.01290893554688
2024-10-15,164.83813228183462,166.71728049354707,163.68480379630955,164.51004028320312
2024-10-16,163.5853584728,164.8480710827429,162.7999008914352,164.2117462158203
2024-10-17,164.77847983302945,165.4148047545223,161.82553046438127,161.9945526123047
2024-10-18,162.25307524146882,163.76435267205474,162.14370618061358,162.48175048828125
2024-10-21,162.01445640921125,163.5555604691452,161.6863492090046,163.12803649902344
2024-10-22,162.0442768634266,164.8182671012252,162.0442768634266,164.19187927246094
2024-10-23,163.81404098216163,164.867967838788,161.00028733207427,161.8454132080078
2024-10-24,161.89513565846306,162.39226497688696,160.0855776572324,161.7857666015625
2024-10-25,162.7303165163636,164.63929136354844,162.48175184608664,164.32113647460938
2024-10-28,167.78114595500233,167.78114595500233,163.00870143582344,165.76280212402344
2024-10-29,166.76699401414237,169.40178845873763,166.13066910445878,168.70579528808594
2024-10-30,179.6426331826948,180.9749512117023,173.06064622942904,173.45835876464844
2024-10-31,172.1359852263983,175.8048016523507,170.01820968952273,170.12757873535156
2024-11-01,169.09358268677013,171.33066473922122,167.91041241830663,170.3065643310547
2024-11-04,168.954351474997,169.74976136503125,167.04537684162395,168.26832580566406
2024-11-05,168.45722424913848,169.55091475770118,167.87061532690117,168.7654571533203
2024-11-06,172.80214969030013,175.92412112315387,172.50386907265272,175.49658203125
2024-11-07,176.3914145518733,180.0403416420051,176.17267645525013,179.7122344970703
2024-11-08,179.6128172813832,179.86138194143007,177.05758046511664,177.32603454589844
2024-11-11,177.55470270682915,179.513393363608,177.44533365392132,179.31454467773438
2024-11-12,178.787601775427,181.44227061052396,178.36006265722634,180.57725524902344
2024-11-13,179.423911961303,179.9210412566759,177.51492211643085,177.8529815673828
2024-11-14,177.25644065886235,177.79334885525918,173.3191846841435,174.5719451904297
2024-11-15,172.73256594722855,173.14021567004892,170.23698198164112,171.49969482421875
2024-11-18,172.424337422112,174.4327441914951,171.90731866370794,174.29354858398438
2024-11-19,172.72260407260165,177.8430297605378,172.56351905656155,177.0973358154297
2024-11-20,176.32182739630647,176.65987170014589,172.78226898861567,174.96963500976562
2024-11-21,172.90156244724747,173.13025284582125,162.7601278802168,166.66757202148438
2024-11-22,164.89779453956643,165.5042928911672,162.9589781366054,163.8140411376953
2024-11-25,165.13641317917185,167.6618386099698,164.65917328191838,166.6874542236328
2024-11-26,166.66758166120195,168.84501052303654,166.61786569467208,168.14901733398438
2024-11-27,168.02973232334207,168.50697228555944,167.05536297555267,168.25840759277344
2024-11-29,167.53259758783784,168.45725093330546,166.20029451813454,167.98001098632812
2024-12-02,167.80103219947992,171.09202581712017,167.60218350894124,170.5054168701172
2024-12-03,170.5054406416943,171.6885958252668,169.86911564054563,170.35629272460938
2024-12-04,170.16733710736509,173.90575879671132,170.07785748297476,173.3688507080078
2024-12-05,174.35320380974355,175.04918185581036,171.3406012044101,171.64881896972656
2024-12-06,171.04233358531255,174.07482584315568,170.87331141634223,173.7069549560547
2024-12-09,173.15945800345577,175.44886145410123,172.8508718378986,174.56295776367188
2024-12-10,182.00857038298057,185.5024126630823,180.21685055142655,184.31788635253906
2024-12-11,184.45722971599074,194.7098337526011,183.99935507018319,194.50079345703125
2024-12-12,194.10263323797517,194.28179760891206,190.8277801088796,191.07662963867188
2024-12-13,190.1309984875668,191.84308455058388,188.76730785856873,188.9464874267578
2024-12-16,191.98243736831273,198.08423292115103,191.73358782946704,195.7550048828125
2024-12-17,196.3422712265007,200.4930793963414,194.082713332717,194.52069091796875
2024-12-18,194.3216274116736,196.09343489769404,186.87605352724106,187.5330047607422
2024-12-19,190.748138909751,192.1416901461699,187.513095150107,187.64248657226562
2024-12-20,184.92506321844033,192.00234452424112,184.36764269628742,190.52915954589844
2024-12-23,191.73358450411797,194.20218282242337,189.2749498878787,193.73434448242188
2024-12-24,193.94335970742864,195.20751953125,192.88824016493578,195.20751953125
2024-12-26,194.25194880473947,195.84459196860374,193.48550314170072,194.69989013671875
2024-12-27,194.05284898883724,194.42115659969988,189.77263428806026,191.8729248046875
2024-12-30,188.92654872611254,191.66389330273583,188.24967016911006,190.35992431640625
2024-12-31,190.20068633205602,191.07664159206533,187.64250571524292,188.4288787841797
2025-01-02,189.77266033181004,191.1164539742449,186.63716208422355,188.5582733154297
2025-01-03,190.48934425629204,192.32088844513342,189.10574139792004,190.90740966796875
2025-01-06,193.0873348986171,197.30782865396526,192.95794346331456,195.9640350341797
2025-01-07,196.20293323603758,200.0750314967655,193.70448930563006,194.59039306640625
2025-01-08,191.68384065635297,195.386708025345,191.49471256621632,193.05747985839844
2025-01-10,193.40585949210492,195.61564455345277,189.4342154897214,191.15625
2025-01-13,189.19532001022134,190.3001972959748,186.49778453538255,190.1309814453125
2025-01-14,190.3599316953501,191.09651654383717,187.44340746260227,188.78720092773438
2025-01-15,192.20141470890871,195.4563707355863,190.97707930364396,194.6501007080078
2025-01-16,193.2465980564925,194.5804279448186,191.92271668187493,192.0222625732422
2025-01-17,195.62556692490554,196.32234248434244,192.85836171130745,195.09800720214844
2025-01-21,198.1539212272468,201.3590893649602,196.95943127097462,197.13861083984375
2025-01-22,198.14394994474472,199.5574134711185,196.62099201618707,197.45712280273438
2025-01-23,197.22819130144518,199.3782549776066,194.30171827365388,197.0689239501953
2025-01-24,197.18837511510904,199.9754777209976,197.08882922694013,199.28866577148438
2025-01-27,191.5245520643281,195.97398278636885,189.85227535828872,190.92730712890625
2025-01-28,191.8629920734772,194.58042475121238,189.80251062684363,194.40126037597656
2025-01-29,194.66006109436606,195.88439657430914,192.5398581602494,194.51075744628906
2025-01-30,197.08881485992026,200.47316217097614,196.76033167919212,199.9456024169922
2025-01-31,201.0704376113212,204.53441911538957,200.87136100783613,203.08114624023438
2025-02-03,199.76644678798675,202.8123625387659,199.17916555521708,200.303955078125
2025-02-04,202.4540365472158,206.09719755510824,201.8767037764101,205.43028259277344
2025-02-05,190.19074112078758,191.86300280413045,187.16472209106553,190.4495391845703
2025-02-06,188.62795003909466,191.21599131294843,187.85154069465264,190.71829223632812
2025-02-07,190.17080550398342,190.3001969256679,182.39674895869484,184.48707580566406
2025-02-10,186.4878479252447,187.33392723255807,185.00469922620795,185.6118927001953
2025-02-11,184.17851963260873,186.07973375626966,183.43197101543439,184.46719360351562
2025-02-12,182.37684051579572,184.25814231125668,180.9932377687485,182.76504516601562
2025-02-13,183.47179995722882,185.42277188580212,182.2972222059454,185.28341674804688
2025-02-14,184.20837813225802,185.54220800020582,183.4717932262479,184.37759399414062
2025-02-18,184.74588137416617,185.10422527431422,180.90364435146645,182.92430114746094
2025-02-19,183.22292953180167,184.6065322377559,182.74512752374517,184.4174041748047
2025-02-20,183.9495944004591,184.4572420256199,181.87916427677797,183.710693359375
2025-02-21,184.29796286054517,184.48709094071828,178.255903940123,178.83323669433594
2025-02-24,181.15250613186586,182.27729565940143,178.06676593885823,178.42510986328125
2025-02-25,177.22067008112575,177.91746089820734,173.88609557732903,174.61273193359375
2025-02-26,174.26436286262216,175.26970953461128,170.79041782229913,171.93511962890625
2025-02-27,173.1893356179125,173.75670468511518,167.16717356296937,167.72459411621094
2025-02-28,167.90374066525882,169.82486685567105,166.00254187779413,169.4963836669922
2025-03-03,171.13879690224084,172.57217267061702,165.1664079930538,166.24143981933594
2025-03-04,165.47499722472898,172.49254217135646,165.03701959982106,170.13345336914062
2025-03-05,169.73529012314535,172.98028249678805,168.2820021982634,172.22378540039062
2025-03-06,169.74522256719945,174.0055248634503,169.7153618417849,171.55685424804688
2025-03-07,170.47189505527146,174.16482916403365,169.4864605302611,173.0599365234375
2025-03-10,167.6785699397653,167.87789100205225,163.12436954047675,165.2968292236328
2025-03-11,164.34016388069963,166.17380218640486,160.81238769070245,163.47315979003906
2025-03-12,166.0043948548276,167.06072965689114,162.96493090148982,166.53256225585938
2025-03-13,165.4662665449778,165.55596711984276,161.5498533800482,162.19760131835938
2025-03-14,162.70582188820455,165.91469633780176,161.88864811378173,164.91815185546875
2025-03-17,164.45972311944107,165.72533878055947,163.10442211068442,163.72227478027344
2025-03-18,163.11440067725707,163.68243835584954,156.17845929337233,160.11480712890625
2025-03-19,161.20103994792456,165.2968386316175,160.44367156873926,163.3236846923828
2025-03-20,161.01169658179438,164.3202162999389,160.40380384962694,162.23744201660156
2025-03-21,160.65294731947398,163.67247597151626,160.33404577702316,163.42333984375
2025-03-24,166.49269314529027,167.73837374209387,164.5693543966733,167.10057067871094
2025-03-25,168.39606958496637,170.0403769796432,167.73836183315652,169.97061157226562
2025-03-26,168.41601157841293,169.02390429945322,164.27038302856647,164.4896240234375
2025-03-27,164.06113851285755,164.84840203770966,161.44022141043914,161.6793975830078
2025-03-28,159.9354404969839,161.26084657481337,153.0991442674789,153.79672241210938
2025-03-31,152.58092477046202,155.0025205393741,150.13939385440554,154.1056365966797
2025-04-01,153.0891615011919,157.55369181763876,153.0891615011919,156.52725219726562
2025-04-02,154.61387643325034,157.86262130532444,154.1654344397735,156.49734497070312
2025-04-03,150.58785527738945,152.2520829364648,149.870341948127,150.19920349121094
2025-04-04,147.4985386204676,150.54797741159612,144.87763705619835,145.0968780517578
2025-04-07,141.06087632952463,152.3218321659185,140.04439668677543,146.24290466308594
2025-04-08,150.69747183435217,151.71395155845798,142.53576933287036,144.1999969482422
2025-04-09,143.92094670447867,158.9986690004619,143.41271451247957,158.1615753173828
2025-04-10,155.99906254121734,157.17499290712513,149.41190307502956,152.29193115234375
2025-04-11,152.37164602184413,157.1251674838408,152.29193584419684,156.5970001220703
2025-04-14,159.44710369836886,161.16116127961118,157.015532933999,158.52032470703125
2025-04-15,158.58016077482426,159.09835306326136,154.67370742979892,155.7698974609375
2025-04-16,152.5709851557027,155.35133791385522,150.98646767664792,152.80018615722656
2025-04-17,153.75685420118594,154.14550597318726,147.98686786207978,150.63768005371094
2025-04-21,148.3655391927389,148.43528939549356,145.5951469015095,147.1597137451172
2025-04-22,148.37549264543264,151.66409215206974,148.0266960287967,150.9465789794922
2025-04-23,155.07231329740588,156.98567719700944,153.27852988963238,154.81321716308594
2025-04-24,155.6104249592094,159.03854063446718,155.2516683139833,158.7296142578125
2025-04-25,164.49961422965615,165.52605388757996,160.4835257508864,161.40036010742188
2025-04-28,161.86872639451175,162.5862396977989,158.0519740918863,160.05502319335938
2025-04-29,159.76603342291708,160.18458031932272,156.97570557414937,159.60658264160156
2025-04-30,157.43409270690867,158.7196436016194,154.86300612354924,158.2512664794922
2025-05-01,159.8955611021286,161.39037784388623,158.36088927125815,160.7426300048828
2025-05-02,162.84534306658284,164.39995007912242,161.3106559960053,163.46319580078125
2025-05-05,162.4367677423953,164.81850869798296,162.15773647441492,163.64259338378906
2025-05-06,161.6096198520829,164.23053675483612,160.63301049910467,162.66595458984375
2025-05-07,163.5130310359637,164.42985019413678,147.32914212449143,150.85691833496094
2025-05-08,154.46440047734652,155.39117958130052,152.37165090458322,153.74688720703125
2025-05-09,153.63729009433737,154.51425427070677,151.67409587609725,152.22219848632812
2025-05-12,156.94581087118723,158.5502482480448,155.7100901217978,157.91246032714844
2025-05-13,158.24128090704517,160.01514395464716,155.6203794367127,158.97872924804688
2025-05-14,159.40725946266062,166.4229258122212,159.0584628171564,164.79855346679688
2025-05-15,165.26692581903856,165.63565760093152,161.80891540540173,163.3934326171875
2025-05-16,167.1504098009548,168.76482228008075,165.04770023388704,165.61573791503906
2025-05-19,163.94153908750272,166.06418385324469,163.6525478575402,165.9645233154297
2025-05-20,165.85490703254322,167.91776161058672,162.33710588412995,163.4133758544922
2025-05-21,163.12438701474937,172.54173038625467,162.99483135159699,167.97755432128906
2025-05-22,171.25618084668935,176.15917803179707,170.12012070875053,170.27955627441406
2025-05-23,168.47582079984258,169.37272002705043,167.30986548992928,167.8878631591797
2025-05-27,169.57202886061165,172.5716225630013,169.4125780788469,172.30255126953125
2025-05-28,172.56165823831284,174.66436785084326,171.31597754856884,171.76441955566406
2025-05-29,173.39874848808273,173.81729536660228,170.04039828273065,171.26614379882812
2025-05-30,170.75790891590938,171.61493780799663,166.86141620850907,171.1465606689453
2025-06-02,167.2600475640349,169.28303195267003,166.8116055203689,168.44593811035156
2025-06-03,166.91124474262,167.89781407143477,164.70887469424017,165.6057586669922
2025-06-04,166.1638436483944,167.63872532387313,165.78515185366567,167.4693145751953
2025-06-05,169.75139851627495,170.33935616350743,167.01090094696792,167.62876892089844
2025-06-06,170.239706414102,173.897023068816,170.239706414102,173.07984924316406
2025-06-09,174.14745263351276,176.0731199779413,173.9778367906517,175.6939697265625
2025-06-10,175.8037071645682,180.70266778284787,174.51661519040564,178.1983184814453
2025-06-11,179.36569688795734,179.96433833777158,176.352484683136,176.95114135742188
2025-06-12,175.78375628436552,176.32255032681226,174.3569797237004,175.30484008789062
2025-06-13,172.05216517338764,176.7316192634362,172.00227458420645,174.2771453857422
2025-06-16,174.33703117902292,176.5420676284148,174.25720927061568,176.37245178222656
2025-06-17,175.30483777675101,176.96110799729416,174.1873615915514,175.5542755126953
2025-06-18,175.6141436330853,176.16290971424257,172.81046582918458,172.93020629882812
2025-06-20,173.55876981570484,173.94789206625825,165.08787423262584,166.2652130126953
2025-06-23,165.89603893694584,166.96362443515676,161.63563852290417,164.81846618652344
2025-06-24,166.5445998017471,167.84167918331357,165.75638318822968,166.3949432373047
2025-06-25,167.25298407095676,171.9723414475006,167.17316217400943,170.29611206054688
2025-06-26,172.0421997468365,173.29937576602373,169.5578094698184,173.1497039794922
2025-06-27,173.14968136313868,178.27812028762878,171.34375470263782,178.1284637451172
2025-06-30,180.3734342799105,180.82241920920578,174.1873807915227,175.8336639404297
2025-07-01,175.3447530851258,175.6939567742825,173.139716841545,175.44451904296875
2025-07-02,175.14518633422566,178.4577266308603,174.67625741761273,178.23822021484375
2025-07-03,178.09853847776557,179.265905222364,176.65180269468908,179.126220703125
2025-07-07,178.65729408356307,178.8967598076696,175.28489078530595,176.39239501953125
2025-07-08,177.45002146146976,177.54978742679873,172.421347895151,173.96786499023438
2025-07-09,174.85586430994886,179.03644347316074,172.3814460707259,176.2227783203125
2025-07-10,175.2349902719471,178.02868052999747,173.98780168372105,177.2205047607422
2025-07-11,176.39238193299045,181.0219456842772,176.08308157759498,179.7847442626953
2025-07-14,180.60289104600895,183.2569121837853,179.27588047712075,181.1516571044922
2025-07-15,182.39885886185957,183.8056914333515,181.19158867102598,181.59068298339844
2025-07-16,182.82788394956327,183.91542879782378,181.62059863833602,182.55848693847656
2025-07-17,181.73036564766983,183.64604573142148,180.07409534184728,183.16712951660156
2025-07-18,184.98301522964096,186.00072543502688,183.2968289565469,184.64378356933594
2025-07-21,185.83110772544197,189.86201471908177,185.73132654425748,189.67245483398438
2025-07-22,191.0693117786785,191.21896833519165,187.03840453704987,190.90966796875
2025-07-23,191.06930248089483,192.09698471753413,188.7545130229886,189.80215454101562
2025-07-24,196.58686306155585,197.50479208340965,190.5704262162467,191.73779296875
2025-07-25,191.54821586623893,193.8929365997576,190.82983399147875,192.74551391601562
2025-07-28,193.2144667106556,193.61357622809174,190.41078895772904,192.14688110351562
2025-07-29,191.99721287217557,195.47936925683575,191.64800916549822,195.30975341796875
2025-07-30,195.1600963397073,197.155598285003,194.2521393007246,196.08799743652344
2025-07-31,195.26984291287636,195.54921195775628,190.66022322341527,191.46839904785156
2025-08-01,188.6048544387261,190.40080913246982,187.39758435603645,188.7046356201172
2025-08-04,189.86200183955253,194.8308120156372,189.69238602262155,194.601318359375
2025-08-05,194.27208103659058,197.41499022677854,193.45391800516853,194.23216247558594
2025-08-06,194.06255127051267,196.18776557270928,193.23441619136784,195.6489715576172
2025-08-07,196.6167969951023,197.09571318148866,193.8929412029117,196.07801818847656
2025-08-08,196.77642933858343,202.15430596097147,196.72653874979915,200.96697998046875
2025-08-11,200.48808049350347,201.02685931355308,198.62229106869012,200.54794311523438
2025-08-12,200.91710457512625,204.04006993048975,200.1388600495838,202.88267517089844
2025-08-13,203.6709007567403,204.06999503609887,197.06577929471834,201.5057830810547
2025-08-14,201.04680257921203,203.9801926061093,200.777405578413,202.4835662841797
2025-08-15,203.39153088363753,205.97570210941166,200.82730371462006,203.44140625
2025-08-18,203.74073522255918,204.80833601681928,202.0345896716843,203.0423126220703
2025-08-19,202.57337657986534,202.98245812812408,199.51028904350812,201.11666870117188
2025-08-20,200.27853657760338,200.82730262485018,196.15783565803162,198.87171936035156
2025-08-21,199.30075073242188,202.02460654215824,198.9814631231269,199.30075073242188
2025-08-22,202.27403645691825,208.07096677186306,200.84725997228378,205.62648010253906
2025-08-25,205.96572314134983,210.04653613391585,204.81831562838462,208.02110290527344
2025-08-26,207.0432962842493,207.38254318133843,205.23736948208096,206.67413330078125
2025-08-27,205.2373711930947,208.4401585010209,205.18748059977113,207.01336669921875
2025-08-28,206.78389053195886,211.742714118765,206.43467159929352,211.1640167236328
2025-08-29,210.0365409975429,214.167229203444,209.72724064780297,212.43115234375
2025-09-02,207.97120545801465,211.20390871469678,205.73623790289355,210.87466430664062
2025-09-03,225.7012467158241,230.78976737242826,224.28442698424496,230.1412353515625
2025-09-04,229.13349303754427,231.84737676203946,225.60146147412655,231.7775421142578
2025-09-05,231.677760445174,235.22975128240526,231.37843212445287,234.47146606445312
2025-09-08,235.15054099905157,237.8069358559837,233.3529799966882,233.72247314453125
2025-09-09,233.85231685973005,240.14377315813266,232.91358965088386,239.30491638183594
2025-09-10,238.5758820575914,241.33214736167037,237.5273187664355,238.84552001953125
2025-09-11,239.55457404217233,241.9213539288796,235.92949376965038,240.0438995361328
2025-09-12,240.04388783032,241.75157459718335,237.67710805902945,240.4733123779297
2025-09-15,244.32807821701437,252.06756394348793,244.32807821701437,251.26864624023438
2025-09-16,251.73800966841424,252.696698721273,249.13154999644232,250.8192596435547
2025-09-17,250.87917693990602,251.25866627901078,245.94587648389523,249.19146728515625
2025-09-18,251.338548569648,253.64542748570952,249.46110945180462,251.68807983398438
2025-09-19,252.90642848071656,255.65269769422878,251.4683796180924,254.3744354248047
2025-09-22,254.0848093772248,255.4329839373953,249.96042287972912,252.18739318847656
2025-09-23,252.69670571321294,254.01492224497756,250.1401811840686,251.31858825683594
2025-09-24,251.31857470864836,252.00764101873446,246.10565550148698,246.80470275878906
2025-09-25,244.06842931794486,246.1556055061487,240.41340622781078,245.45654296875
2025-09-26,246.73481561544992,249.08161830530747,245.63630185383965,246.2055206298828
2025-09-29,247.51375020937843,250.80926093832198,242.4406403715287,243.71890258789062
2025-09-30,242.48058753408858,242.9599320717839,238.92541967317948,242.77020263671875
2025-10-01,240.42338523813993,245.96585884887978,238.2862890899911,244.5677490234375
2025-10-02,244.81739828037135,246.47514981131818,241.97127402542458,245.35667419433594
2025-10-03,244.15831699237452,245.96585900937905,241.3321544964398,245.01715087890625
2025-10-06,244.44791178946252,250.97904766602093,244.24818617214953,250.09024047851562
2025-10-07,247.93317917084852,250.1002333278666,245.18691006468788,245.42657470703125
2025-10-08,244.62768203424937,245.67624536262252,243.48922922331397,244.2881317138672
2025-10-09,244.13833003954065,244.42792989328805,238.82554034163272,241.2023162841797
2025-10-10,241.10246136059908,243.75885638035138,235.5200485827795,236.2490692138672
2025-10-13,239.88411429337978,244.16828735447277,239.38479264234815,243.81875610351562
2025-10-14,240.9027132904423,246.78472157869837,240.1836889124138,245.1169891357422
2025-10-15,246.91455220927548,251.7679591837619,245.65626715592245,250.68942260742188
2025-10-16,251.42842769264908,256.6113736152233,249.76069521164578,251.1188507080078
2025-10-17,250.4197821526697,253.87509458891947,247.4737875390444,252.9563446044922
2025-10-20,254.3444728441902,256.98087539491434,253.88509020638818,256.2019348144531
2025-10-21,254.39440086428343,254.53421031738455,243.81875668908756,250.12020874023438
2025-10-22,254.02489806023604,256.01218852739623,248.95178813355238,251.34854125976562
2025-10-23,252.63679338694976,254.69399627404513,251.50833675008087,252.73666381835938
2025-10-24,256.23188733462473,261.32497431611404,254.9736174865258,259.5673828125
2025-10-27,264.4607188078389,269.7735083332291,263.92144290721717,268.9046630859375
2025-10-28,269.3241367489819,270.3627344019799,266.1384619149823,267.1071472167969
2025-10-29,267.38675485794886,274.96645416764926,267.3068768000952,274.197509765625
2025-10-30,291.1944142933695,291.1944142933695,279.6800575475708,281.09814453125
2025-10-31,282.82575062167336,285.6119738650845,276.6541425566326,280.8085021972656
2025-11-03,281.797163766903,285.14262497278366,279.42038779718166,283.3350830078125
2025-11-04,276.374515458966,280.88837191256465,275.8851900258856,277.1634521484375
2025-11-05,278.49163374098424,286.0314084420774,276.96371081227676,283.92425537109375
2025-11-06,284.9428776795432,287.9587999323025,280.7585903155872,284.3636779785156
2025-11-07,282.8257840870045,283.3950181298404,274.8166751233446,278.45172119140625
2025-11-10,284.03413439651047,290.40545290698407,282.47622284552773,289.7064208984375
2025-11-11,287.35962699643375,291.52398321941854,286.9302176656824,290.914794921875
2025-11-12,291.2842728658537,291.613842224268,283.30512258449664,286.3210144042969
2025-11-13,281.9569519907634,282.45627365196606,276.8638649512614,278.19207763671875
2025-11-14,271.04178706348836,278.1820807042813,270.3327588398133,276.0350036621094
2025-11-17,285.392279437324,293.55120856159544,283.1852862901624,284.63330078125
2025-11-18,287.52939388700526,288.4081743957296,277.8225797399186,283.8943176269531
2025-11-19,286.77042153983126,303.39782684502376,286.2411417953812,292.4127502441406
2025-11-20,304.1268355762142,306.0042898345543,288.2783714658303,289.05731201171875
2025-11-21,296.0178842040454,303.50770955644725,293.4513634023398,299.25347900390625
2025-11-24,310.70789188393536,319.0465694557707,309.17996886834777,318.14776611328125
2025-11-25,325.767421144808,328.3838617048627,317.2190369667809,323.0011901855469
2025-11-26,320.2449508538883,324.0597758686898,316.36024396458464,319.5159606933594
2025-11-28,322.9313108653273,326.40660086319315,316.36025071335513,319.7456359863281
2025-12-01,317.2690150587685,319.41609223758667,313.464186206563,314.46282958984375
2025-12-02,316.3102616947243,317.948051296999,313.4841146313127,315.38153076171875
2025-12-03,315.4614340573081,321.1436861691208,313.6738540884245,319.19635009765625
2025-12-04,321.7928484740126,321.92264650582644,314.27306548179905,317.1890869140625
2025-12-05,319.05652267664885,322.72155681925386,318.73697999805336,320.8341064453125
2025-12-08,319.82486263347363,320.21460294317257,311.0010871288888,313.49932861328125
2025-12-09,312.15025542764414,317.7662971049956,311.6805848338384,316.85693359375
2025-12-10,315.6078174223929,321.0839735202244,314.45863248382005,319.9847412109375
2025-12-11,319.85481737290655,320.8940942947929,308.3829128168011,312.210205078125
2025-12-12,313.47935032153816,314.6485102459599,305.34506149685063,309.07244873046875
2025-12-15,311.1009991314403,311.2009348824072,304.66552711937686,308.003173828125
2025-12-16,304.7354841263937,310.5513666605185,302.37712849550337,306.3543395996094
2025-12-17,307.7933270972379,307.87325739956634,295.9116769824828,296.5112609863281
2025-12-18,301.50775321966603,303.7461677101471,299.0195145942255,302.2472229003906
2025-12-19,301.5177661333593,307.03387224107576,300.7582909786616,306.9439392089844
2025-12-22,309.66200850448513,309.9118326328777,305.0852133945127,309.56207275390625
2025-12-23,309.41219480947996,314.7184570357758,309.1024153195162,314.1288757324219
2025-12-24,314.5485634057752,314.8583428959372,311.70059264113144,313.8690490722656
2025-12-26,314.25877806497726,314.86833429915043,312.0603135401851,313.2894592285156
2025-12-29,311.15095467052413,313.79908436732376,310.4014822754237,313.33941650390625
2025-12-30,312.28018544302313,316.72706748217655,312.24020504037514,313.6292419433594
