Date,Open,High,Low,Close
2020-01-02,150.0902625907942,151.93353980620552,149.6648931447306,151.82955932617188
2020-01-03,149.65547107455467,151.19625463787472,149.40969112155793,149.9390411376953
2020-01-06,148.48324631955307,150.392698754351,147.94443465072618,150.32652282714844
2020-01-07,150.60074160336796,150.93157814835348,148.7101976078873,148.95596313476562
2020-01-08,150.23203354534573,151.9997015405678,149.3056712613287,151.32855224609375
2020-01-09,152.98278300469048,153.34199090041147,152.21711516271918,153.21910095214844
2020-01-10,153.90912893108236,154.2872318018375,152.3588696593664,152.51011657714844
2020-01-13,152.90720705247546,154.37238166681487,152.43457101066966,154.34402465820312
2020-01-14,154.4479955666148,154.6465090382684,152.86939301592614,153.2569580078125
2020-01-15,153.7201159716805,154.96788183722586,153.67286391435027,154.2494659423828
2020-01-16,155.35541857174925,157.1419816102334,155.05292468702913,157.0758056640625
2020-01-17,158.2574203045993,158.30468678450072,156.37632402467744,157.95494079589844
2020-01-21,157.55789835006,158.98526801417273,157.32158039758605,157.38775634765625
2020-01-22,158.2385207305779,158.32360616920698,156.61265180141203,156.63156127929688
2020-01-23,157.09471026471257,157.6713265938342,156.22506200867213,157.595703125
2020-01-24,158.34249802467247,158.36140750217533,155.44996818605821,156.00767517089844
2020-01-27,152.33058067464225,154.43854767013838,151.43257513790093,153.39874267578125
2020-01-28,154.81659911684454,156.68823305925625,154.1454642817214,156.4046630859375
2020-01-29,158.65439337526382,159.5145940552649,156.62206505752158,158.84344482421875
2020-01-30,164.52459617062672,164.52459617062672,161.4430001878777,163.3240966796875
2020-01-31,162.78529948092563,162.964889047235,160.29922947457416,160.9136505126953
2020-02-03,161.10265199098285,164.9499148069927,161.07429499333622,164.83648681640625
2020-02-04,167.44545356772943,170.75390501577263,166.66087620777762,170.26235961914062
2020-02-05,173.95839049164914,174.11908498739666,168.64596691048436,170.05441284179688
2020-02-06,171.06580476348907,173.7598346269479,170.20560413495167,173.58023071289062
2020-02-07,172.84297337121157,175.47082810975607,172.49321295870286,173.8260498046875
2020-02-10,173.53297073949096,178.50509441167975,173.2210293650427,178.3727569580078
2020-02-11,180.21607754330697,180.26334402188803,173.45738939363605,174.345947265625
2020-02-12,175.42356297727224,175.67879043188398,171.89770278781828,174.60118103027344
2020-02-13,173.0603579564026,176.03795827229686,172.86184453761513,173.6558837890625
2020-02-14,173.22103937911754,175.26282971697995,172.65387058847747,175.20611572265625
2020-02-18,175.4518949292075,177.42750947945905,175.3479144568941,176.9832305908203
2020-02-19,178.25337813017842,178.36711595467847,176.7462941031497,177.51405334472656
2020-02-20,177.20126104182248,177.48562006806304,171.6563251140853,174.80319213867188
2020-02-21,173.6183629039544,173.9311563648692,168.00707065761887,169.27719116210938
2020-02-24,159.0214151505909,165.44786191190894,154.7181513655058,161.9787139892578
2020-02-25,165.1160881339019,165.72271383699095,158.90764439039998,159.30575561523438
2020-02-26,160.86022960459255,164.2250980795155,159.43844930371904,161.29623413085938
2020-02-27,154.8035013421261,158.3200311084721,149.74195067287758,149.9315185546875
2020-02-28,144.46239539589996,155.17314580344524,144.0737718821789,153.56178283691406
2020-03-02,156.68967642563902,163.90284290585905,153.8461156233935,163.7796173095703
2020-03-03,164.7369648639986,165.8743863348176,153.79872580292735,155.931396484375
2020-03-04,159.70387209335476,161.79862063132381,156.98352219099715,161.6564483642578
2020-03-05,157.3911109200166,161.9597582663655,157.04988300701586,157.59963989257812
2020-03-06,154.13046038681674,154.60438714349928,147.8651480849498,153.1446990966797
2020-03-09,143.1259208763582,149.5239338956656,142.17806709572008,142.76573181152344
2020-03-10,149.91250932333253,152.63284417285914,144.62348518857524,152.52857971191406
2020-03-11,148.9362468910333,149.47651594433142,143.2680717176468,145.61875915527344
2020-03-12,137.72311310044867,145.4670742719519,131.35353657797347,131.80850219726562
2020-03-13,139.80840891555962,153.46698304753858,133.3914358600728,150.54759216308594
2020-03-16,132.6995245572196,141.56196287538836,127.9602558230332,128.3583526611328
2020-03-17,132.69951982237052,139.8084226699975,127.96025125728585,138.9269256591797
2020-03-18,130.8038008732288,138.386629909358,127.97920110693828,133.07864379882812
2020-03-19,135.32507264150863,142.3202228977112,131.7516602526152,135.26820373535156
2020-03-20,138.38664247775617,139.4292873501573,128.77540638008531,130.18771362304688
2020-03-23,129.86540232404437,133.23977291994353,125.6095493819508,128.8891143798828
2020-03-24,136.2539396766585,141.79888839830375,133.90326706268647,140.60458374023438
2020-03-25,141.14488563874747,146.28225050950442,136.9079788119045,139.25865173339844
2020-03-26,140.66144949329478,148.49072843027395,140.63301504617567,147.9694061279297
2020-03-27,143.83677947196435,146.81303910788503,141.4197499720729,141.8936767578125
2020-03-30,144.49084339308502,152.2253342901318,142.18755101382314,151.87461853027344
2020-03-31,151.08785281104335,156.18730963025092,148.39595215161313,149.48599243164062
2020-04-01,145.02158279515615,149.52388683618224,142.955269145982,144.17799377441406
2020-04-02,143.94104566900393,147.3722710107029,142.51926529474,147.1637420654297
2020-04-03,147.01212796704385,149.17323344168187,144.25386997914237,145.808349609375
2020-04-06,151.95989162657898,157.8176197600713,149.3627676322206,156.65176391601562
2020-04-07,160.74652989617405,161.1351534432699,154.74661332944947,154.96463012695312
2020-04-08,157.03089277059914,157.97874630175247,154.97405234356808,156.51905822753906
2020-04-09,157.6849625327283,158.64228968699842,154.81296660681633,156.52857971191406
2020-04-13,155.7797730783277,156.9361558362128,153.83666995479288,156.8792724609375
2020-04-14,160.1872571452114,164.6895617099437,159.2394035526362,164.6421661376953
2020-04-15,162.2725509605704,164.5189740701982,160.4147658031758,162.91709899902344
2020-04-16,165.2109340606031,168.03553457135087,163.8839299516735,167.80804443359375
2020-04-17,170.13976003718153,170.6136869453631,166.6990460555909,169.2866973876953
2020-04-20,167.4193963415168,169.42884146949478,165.86491691998498,165.93125915527344
2020-04-21,164.4525877384879,164.613721103294,157.447950718237,159.06878662109375
2020-04-22,162.45262485910442,164.9265232869323,161.91235583811329,164.4715576171875
2020-04-23,165.03077686564262,165.93123481658628,161.99764849573384,162.48104858398438
2020-04-24,163.087684835539,165.4573187880793,161.80809117902592,165.44784545898438
2020-04-27,167.3815264466453,167.67535885860636,164.26309329838,164.97398376464844
2020-04-28,166.4336412831067,166.50947132086196,160.55695075653242,160.95504760742188
2020-04-29,164.1872620929299,168.41468260330234,162.9171412732649,168.17771911621094
2020-04-30,170.61363557217732,170.9927711993211,167.04022371080399,169.86483764648438
2020-05-01,166.6326372953001,169.324537588114,164.93597154192332,165.46678161621094
2020-05-04,165.39100504648349,169.6658202264792,164.73698364883285,169.51416015625
2020-05-05,171.2013007175261,174.0732957690794,170.51884501586025,171.33399963378906
2020-05-06,172.5852051098927,174.59465034524186,172.15867383336482,173.02120971679688
2020-05-07,174.56619370740268,174.926382699325,173.05910997240878,174.0259246826172
2020-05-08,175.3339958799369,175.35295700603842,173.79847731704947,175.0496368408203
2020-05-11,173.59942157303036,177.73206481211713,173.31507699714257,177.00222778320312
2020-05-12,177.05903642458475,177.28651200785853,172.79369568104167,172.99273681640625
2020-05-13,173.0306868403567,174.45246731650903,167.33407714285644,170.37669372558594
2020-05-14,168.28191004143457,171.26765735101736,166.5189018898924,171.11599731445312
2020-05-15,169.72272552512865,177.30555710512309,167.77014870737665,173.6089324951172
2020-05-18,176.06383283345417,176.49036412535662,174.36718099656215,175.26763916015625
2020-05-19,175.38135636493746,176.86949350940563,173.9216681354789,174.0543670654297
2020-05-20,175.66074821445315,176.64926983971034,174.8338232902232,176.4686737060547
2020-05-21,176.22148762180447,177.42861841763434,174.21594577347696,174.34901428222656
2020-05-22,174.12089846406892,175.3280292137114,173.50306901585824,174.425048828125
2020-05-26,177.11495937941368,177.26704182371978,172.13438260711965,172.58111572265625
2020-05-27,171.27893938264498,172.980331004467,167.85717121330865,172.80923461914062
2020-05-28,171.79218001595007,175.03335144358766,171.45000181643846,172.41949462890625
2020-05-29,173.68367206153434,175.1474401638824,171.47853469767063,174.1779327392578
2020-06-01,173.50306582205417,173.94029918509904,172.47654567180405,173.77871704101562
2020-06-02,175.12845379560204,175.8413240281486,172.3720280311082,175.7557830810547
2020-06-03,175.6701811543297,176.73472902431837,174.49156422443008,176.18344116210938
2020-06-04,175.17594339707023,176.6396969090423,173.2749565224485,173.8642578125
2020-06-05,173.57909636843632,178.43611811908195,172.99929482665513,177.93235778808594
2020-06-08,176.73478039775375,179.21556924712382,175.309040013136,179.03497314453125
2020-06-09,178.6927800443984,181.25910962308345,177.98940962513453,180.40367126464844
2020-06-10,181.66785837577257,188.69200596232676,181.55378927395938,187.0951690673828
2020-06-11,183.5687858589512,186.06857351440414,176.85830510903045,177.04840087890625
2020-06-12,181.1069873177415,182.228576955462,176.01234264068265,178.44561767578125
2020-06-15,175.44206065771127,181.3731442603551,174.90027249778666,179.58621215820312
2020-06-16,183.3406869206334,185.8975167043763,181.98148820479122,183.98703002929688
2020-06-17,185.3747390455772,186.60088373551318,184.10108128516464,184.6238555908203
2020-06-18,184.39575430738998,186.7624885400783,184.39575430738998,186.6009063720703
2020-06-19,188.75848446971048,189.42382696188116,184.7474010839948,185.48878479003906
2020-06-22,186.0971303068874,190.8210845257473,185.56485622646053,190.6405029296875
2020-06-23,192.0852512006235,193.85316990489886,191.45792193382675,191.91416931152344
2020-06-24,191.61950404139304,193.1878125857555,186.82900846349898,188.04563903808594
2020-06-25,188.00761269061277,190.6784970410009,185.79296114833386,190.42185974121094
2020-06-26,189.8420385082229,189.9941209296588,185.23215432254898,186.61036682128906
2020-06-29,186.08758992879393,188.7014466837992,183.96799378477183,188.61590576171875
2020-06-30,188.08365287961007,194.2808598745895,187.95058437366583,193.43492126464844
2020-07-01,193.083257178087,196.1343478236479,191.78108566908128,194.56602478027344
2020-07-02,195.4975248148834,197.72169095393087,194.85119610163304,196.04881286621094
2020-07-06,198.49156369076422,200.6777016892989,197.78819326414938,200.26898193359375
2020-07-07,200.03134453942326,204.04242807649197,197.69313876394023,197.9402618408203
2020-07-08,199.67017648667414,202.70223856853215,198.35849081572363,202.2935333251953
2020-07-09,205.6202645828633,205.66779215946096,201.00086550314717,203.70977783203125
2020-07-10,203.04440663081272,203.48164000033935,200.6301596435578,203.09193420410156
2020-07-13,203.86182504239108,205.11648332076217,196.27689159753407,196.8186798095703
2020-07-14,195.92524248850216,198.51058613625617,192.02821308469305,198.03533935546875
2020-07-15,199.18540043368412,200.86777786204274,194.87966636549174,197.7406463623047
2020-07-16,195.23134167200274,195.51649259722572,192.29432049997686,193.82461547851562
2020-07-17,194.34737099125022,194.88914464381924,191.4198498148425,192.83609008789062
2020-07-20,194.85117236676646,201.78977799074687,192.95968503330636,201.1244354248047
2020-07-21,203.08242289101383,203.34855988217507,197.73114041936344,198.41549682617188
2020-07-22,198.84323696936167,201.7897726158241,198.07333955618,201.26699829101562
2020-07-23,196.93274275439686,200.47807930746816,192.14224758300097,192.512939453125
2020-07-24,190.4978964459514,192.81710279590382,187.73195701203042,191.33433532714844
2020-07-27,191.49589312385507,193.87212645839105,190.91609161009322,193.75807189941406
2020-07-28,193.53000388839655,194.56603843914536,191.7525854845081,192.0187225341797
2020-07-29,192.47495022909868,194.51850562770954,192.00920315300615,193.9577178955078
2020-07-30,191.04920798725416,194.33792212812435,189.69000914080848,193.80563354492188
2020-07-31,194.2808703677026,194.94622743673912,189.15771085707848,194.8606719970703
2020-08-03,201.04840274562122,206.86541871701198,200.02186795595566,205.8198699951172
2020-08-04,203.56716697112796,204.1374688047289,199.89826191685304,202.73072814941406
2020-08-05,204.26104567065477,204.3561008212258,201.09591510463036,202.39808654785156
2020-08-06,201.8277788907073,205.65826639464163,201.07689543479427,205.63926696777344
2020-08-07,204.2135098766214,205.02142055306317,200.48756303882877,201.96083068847656
2020-08-10,201.19094771383908,201.3905577207116,196.13433007915847,197.9402618408203
2020-08-11,196.90425062787259,197.36998319308316,193.08326243132456,193.31138610839844
2020-08-12,195.1268218072775,199.86979002066158,194.61356165253872,198.83375549316406
2020-08-13,199.07135133423577,200.88679731225912,197.8452066566346,198.36798095703125
2020-08-14,198.42500644894537,199.21391774906647,197.23688964214472,198.55807495117188
2020-08-17,199.22342242623313,200.73470345130764,198.57707937252545,199.8697509765625
2020-08-18,200.1073868408774,201.84679161192986,198.85274301626632,201.01986694335938
2020-08-19,201.50578180907098,202.08698492364027,199.37152465065776,199.80027770996094
2020-08-20,199.6478303586499,204.85007589217304,199.04758188287093,204.4499053955078
2020-08-21,203.76391835685175,206.0410886510413,202.8016045176839,202.9635772705078
2020-08-24,204.6499901784463,205.34553813622844,202.4014026425913,203.6019287109375
2020-08-25,203.03983041578405,206.38412262139815,203.03983041578405,206.250732421875
2020-08-26,207.59414589811615,211.60538860405137,207.0986904162652,210.7097625732422
2020-08-27,212.3676361540944,220.23768646081993,209.0423895356834,215.88343811035156
2020-08-28,217.40787607007542,219.75174867918676,215.8834189640669,218.10342407226562
2020-08-31,216.28356909931804,217.90331098224215,213.72055883978842,214.88296508789062
2020-09-01,214.86391091647602,216.71232793524112,213.83489480690253,216.54083251953125
2020-09-02,217.207801074862,221.86694924784757,216.61707521022916,220.7140655517578
2020-09-03,218.4464303584892,218.4845356074586,204.81199137013098,207.04151916503906
2020-09-04,204.94537631657883,208.0514701428707,195.50321280100798,204.135498046875
2020-09-08,196.75138131717694,200.11473306475375,192.65437628036617,193.09266662597656
2020-09-09,197.79942927592472,204.69762722495835,196.9419086014435,201.31521606445312
2020-09-10,203.32562487927262,204.60237606499447,194.47420152382745,195.67471313476562
2020-09-11,197.41829498533878,198.7807936939121,191.73966868940005,194.39794921875
2020-09-14,194.5981112274879,199.32394819822275,194.39801864638477,195.71287536621094
2020-09-15,198.5806854768132,199.87648173353122,197.1610217459034,198.92369079589844
2020-09-16,200.67689773691774,200.70548031266912,194.97920986822862,195.36985778808594
2020-09-17,190.60585800070598,194.6838026501684,190.5201102929385,193.33084106445312
2020-09-18,193.22605507235494,194.03591885589844,186.9852699078693,190.92982482910156
2020-09-21,187.88087836630214,193.1402892819436,187.109119905432,192.97830200195312
2020-09-22,195.37935717841205,198.27585050912126,192.54004353083127,197.62794494628906
2020-09-23,198.08530931715242,198.27587921162157,190.58684629223876,191.1204071044922
2020-09-24,190.41532195894766,195.86528863786586,189.79599897271996,193.59764099121094
2020-09-25,193.94065638575495,199.17147089640537,192.97832794574248,198.0090789794922
2020-09-28,200.92457264876782,202.53479178027638,198.23769502469003,199.55255126953125
2020-09-29,199.4668389966685,200.1528498081341,197.04674126220954,197.47549438476562
2020-09-30,197.9232806684825,201.97264262940195,196.78945699327505,200.40054321289062
2020-10-01,203.4113969587429,203.8877925550821,201.34384181524362,202.43002319335938
2020-10-02,198.18055856092133,201.02940932407267,195.83668594256645,196.4560089111328
2020-10-05,197.43737304379223,200.47677898107784,197.20869794579374,200.4481964111328
2020-10-06,198.9618808579041,200.25766303391924,195.1507157610848,196.1892547607422
2020-10-07,197.28497349925317,200.19099000815612,196.9610279312947,199.92420959472656
2020-10-08,200.5720763220623,201.21998191757461,198.48547574347566,200.63877868652344
2020-10-09,201.25805652305527,205.66948389253287,201.25805652305527,205.62184143066406
2020-10-12,208.46116681722611,213.29182486837524,206.5746444335624,210.9479522705078
2020-10-13,212.20562960629036,214.57808461932888,210.02372990076108,212.33901977539062
2020-10-14,212.47241351746592,213.634819812789,208.78511664370075,210.43344116210938
2020-10-15,206.85095716605545,209.9570509713848,205.81240380006528,209.29010009765625
2020-10-16,209.7569584400469,211.79593084741057,208.96615460733648,209.29010009765625
2020-10-19,210.01423617140503,211.80548829345503,203.6305379900933,204.10693359375
2020-10-20,205.61235071965658,207.10822539351736,203.03028008469627,204.51663208007812
2020-10-21,203.0588188965008,206.67942770455164,203.0588188965008,204.65951538085938
2020-10-22,203.8306295350943,205.86007959371454,201.7059090724814,204.7453155517578
2020-10-23,204.87865682982294,206.0696456336695,203.09694223156853,206.02200317382812
2020-10-26,203.75437998821897,206.12682049278558,198.27583123211025,200.162353515625
2020-10-27,201.60108711313487,204.53568576239945,200.4005754314339,203.18272399902344
2020-10-28,197.86612718749194,198.98089103661246,192.55908828842558,193.1116943359375
2020-10-29,194.43608102293118,197.57075725259926,193.76911564184445,195.05538940429688
2020-10-30,193.89302546658493,194.64572418081875,190.19619064813955,192.91165161132812
2020-11-02,194.64572202379262,195.58899061431308,190.67258417511,192.77825927734375
2020-11-03,194.26462405578613,198.29492731846628,193.53097065954913,196.68470764160156
2020-11-04,203.9163436100231,208.01334801298592,202.3918721219875,206.17445373535156
2020-11-05,211.55774456042553,213.5395519346152,210.7097610023845,212.7487335205078
2020-11-06,211.76733540587205,213.76820244388458,207.73703329960784,213.15841674804688
2020-11-09,213.8444209847306,217.35068499480133,207.5941141574307,208.0800323486328
2020-11-10,204.37369285917435,206.27927507697552,199.81935252170467,201.04844665527344
2020-11-11,202.3633349460173,207.7465997447503,202.18230228063123,206.3269500732422
2020-11-12,206.95574656645329,208.76604371283022,204.33557122707558,205.26930236816406
2020-11-13,206.14592074235856,207.15587716722698,204.04978284604508,206.28883361816406
2020-11-16,204.72623524216695,207.4607558021883,204.3927670537816,206.97482299804688
2020-11-17,205.89817875225006,207.4035760150649,203.97353650780587,204.33560180664062
2020-11-18,204.09676961168395,205.54880785492185,201.498391524417,201.64169311523438
2020-11-19,201.92827756449884,203.5044929955361,200.54310176428234,202.92176818847656
2020-11-20,202.71160861053573,203.75286645318923,200.60998313112907,200.9825439453125
2020-11-23,201.51747845639179,202.7975575607246,198.8522382569824,200.7150421142578
2020-11-24,200.21830495578362,204.66993934014192,199.52095055077086,204.29737854003906
2020-11-25,205.49148995634454,205.66343437093508,202.95998889819435,204.3069305419922
2020-11-27,205.2430957818829,206.5995994445289,204.46930228158132,205.60609436035156
2020-11-30,204.52665850131285,205.1571359367757,201.41241802939734,204.4980010986328
2020-12-01,204.91830024990742,207.60266491805436,203.81018007832992,206.54229736328125
2020-12-02,205.27175707094355,205.83537202902343,203.2847614414329,205.73983764648438
2020-12-03,205.01385141230443,206.7047110734639,204.0967707859038,204.660400390625
2020-12-04,204.64130026023815,205.74943515132207,203.64779498667923,204.77503967285156
2020-12-07,204.78455447441974,205.902236795737,203.46627035457135,204.7081298828125
2020-12-08,204.40245069453582,207.24919755761567,203.3707405493624,206.35122680664062
2020-12-09,205.53924307323217,205.60610548215897,201.76586805434036,202.32948303222656
2020-12-10,202.3008269195042,203.55224866960762,200.9538707828964,201.10671997070312
2020-12-11,200.65778392841838,203.78157255596147,199.75981294989188,203.7242431640625
2020-12-14,203.57137168671602,206.5423105513928,203.36120768395418,204.62217712402344
2020-12-15,205.54877306906567,205.7875944368426,202.74979363543983,204.55528259277344
2020-12-16,205.1475937833099,210.26792546149707,205.1189363798678,209.47503662109375
2020-12-17,210.03864025323077,211.01303564686324,208.17583624812565,209.6087646484375
2020-12-18,208.81585693359375,209.8666768292249,206.3607807432557,208.81585693359375
2020-12-21,207.82236095933965,213.9839494454833,207.56442979599882,212.63699340820312
2020-12-22,212.7325592225708,215.5411013062933,211.93012279193636,213.92666625976562
2020-12-23,213.1337656474204,213.5636412417296,210.92705829699878,211.13722229003906
2020-12-24,211.51938509890093,213.61146338271473,211.3092210518006,212.7899169921875
2020-12-28,214.413857010838,215.92321005733746,213.04780555492192,214.90106201171875
2020-12-29,216.19066325935648,217.02175699558643,213.5827378764795,214.1272430419922
2020-12-30,215.15898241983697,215.54110542494223,211.56711363086075,211.76771545410156
2020-12-31,211.78681782520988,213.0286920393946,209.857136802446,212.47462463378906
2021-01-04,212.57970992905,213.02869534095603,205.2049037044896,207.9561309814453
2021-01-05,207.54534083146888,208.7490099968448,206.055097651957,208.15672302246094
2021-01-06,202.68292904615478,206.80976953034184,202.46321745578845,202.7593536376953
2021-01-07,204.46934784854162,209.53236504897438,204.1541163901864,208.52931213378906
2021-01-08,208.90189472561306,210.71694651739315,207.3256789637426,209.79986572265625
2021-01-11,208.701251514019,209.12157952096553,207.03904928013995,207.76507568359375
2021-01-12,206.81937048423458,207.39254778038148,203.78156871356688,205.31956481933594
2021-01-13,204.45026376719755,207.06773743766976,204.36427697009498,206.66651916503906
2021-01-14,206.25572423330087,207.73641987769744,203.22747053007149,203.4949493408203
2021-01-15,203.97261852880033,204.9183420974723,202.54923750603135,203.14151000976562
2021-01-19,204.1922881817282,207.2778564550541,203.12237302041416,206.7620086669922
2021-01-20,207.96566598543168,215.6939227599558,207.57399540278436,214.3087615966797
2021-01-21,214.65268280655076,216.18114567833973,212.47463268897792,214.91061401367188
2021-01-22,216.926217926684,219.7825266195765,215.70345373827155,215.84674072265625
2021-01-25,218.87503776935245,219.50552978031035,214.19414403672963,219.26670837402344
2021-01-26,221.49251241957313,223.7087673579532,219.7921052743459,221.94149780273438
2021-01-27,227.35798561441428,229.6888849420293,219.84943979215547,222.48602294921875
2021-01-28,225.0748279766649,231.79048419595736,224.5780754115442,228.24636840820312
2021-01-29,225.43784282406364,227.37707132988027,221.0053184426969,221.58804321289062
2021-02-01,224.54943142500284,231.65675864090633,222.0370256255715,228.93418884277344
2021-02-02,230.51041491917857,231.47524811392537,228.0171189555544,228.80044555664062
2021-02-03,228.85780690916252,234.13097358783594,228.56165609173593,232.13442993164062
2021-02-04,231.80963464497927,232.36370210777145,229.622022199084,231.18869018554688
2021-02-05,231.3988203649493,232.40187313232684,229.66975580932288,231.3701629638672
2021-02-08,232.27765413370346,232.78395426217978,230.04228965214776,231.62806701660156
2021-02-09,231.0549132931618,233.81568797324968,230.58683269861282,232.86996459960938
2021-02-10,234.0449636571625,234.9238246286542,230.1187393980578,231.9624481201172
2021-02-11,233.83479617171466,234.1882471613524,231.32239050634175,233.55776977539062
2021-02-12,233.022770321442,234.3315212859185,231.87643070904207,234.03538513183594
2021-02-16,234.0736782244898,235.12449843426833,232.05802460500885,232.8031463623047
2021-02-17,231.0604745803787,233.92334770145064,230.69662531011264,233.81802368164062
2021-02-18,231.52004312224952,233.5594777102561,230.6200042346453,233.42543029785156
2021-02-19,233.38712013708025,233.49244413980136,229.96888945700763,230.72531127929688
2021-02-22,227.32629596320396,227.8146085025634,222.51971275294736,224.54000854492188
2021-02-23,220.53772657537354,224.84641307604537,219.00574330888236,223.3527374267578
2021-02-24,220.2312992194705,225.20065276027566,219.26424384032524,224.5782928466797
2021-02-25,222.21328121333582,224.61656504128703,218.19184422785054,219.25465393066406
2021-02-26,221.6866957656996,225.36343789150433,219.78129368104075,222.5005645751953
2021-03-01,225.87090575494236,227.37416554950934,223.2378196722922,226.86669921875
2021-03-02,226.9336896940317,227.21136873992538,223.52504280150532,223.92718505859375
2021-03-03,222.28990807796603,223.64953616836328,217.59821886567516,217.88546752929688
2021-03-04,217.1003434861413,222.60588703735615,214.72576809610288,217.09075927734375
2021-03-05,219.76213575150246,223.3527073519188,216.83223166317447,221.7537078857422
2021-03-08,221.53346048244356,223.44843187162684,217.47373048782126,217.72267150878906
2021-03-09,222.97928734112668,225.37300172907223,221.82072314892886,223.8410186767578
2021-03-10,226.92415117322705,226.92415117322705,222.1750148299451,222.5388641357422
2021-03-11,224.97084181188526,229.00184834323582,224.34846735381257,227.048583984375
2021-03-12,224.06123394821893,225.794295419288,223.3143962358568,225.72726440429688
2021-03-15,224.97085635878273,225.19107398861252,221.9547675055726,224.8272247314453
2021-03-16,226.2347458255093,229.854041015424,225.909204156804,227.6039581298828
2021-03-17,226.11027106399007,228.40824580326876,223.31441421643075,226.96243286132812
2021-03-18,222.6728878603491,224.23359433735567,220.5376986886075,220.91111755371094
2021-03-19,221.1983526613033,222.586704017824,219.59935327992318,220.5568389892578
2021-03-22,220.48025713428592,226.82837799232317,220.35577930626062,225.9570770263672
2021-03-23,227.39330671357888,230.8019538061581,226.99116443288878,227.47947692871094
2021-03-24,227.7380213959927,227.88163843332822,225.31558329909987,225.4496307373047
2021-03-25,225.29638327764653,226.86665920740955,221.72496578441863,222.46221923828125
2021-03-26,221.70585594983098,226.64648654164532,221.70585594983098,226.42625427246094
2021-03-29,226.53154963057577,226.7326280661036,222.02179993878485,225.23895263671875
2021-03-30,223.6016722632375,223.9080747520219,221.27498863058946,221.99310302734375
2021-03-31,223.00803456543431,228.93487436067073,222.51013782873864,225.74644470214844
2021-04-01,228.33168732004665,232.515896459897,227.92954495372922,232.04673767089844
2021-04-05,232.4392400726803,239.333149299018,232.38179326413973,238.48098754882812
2021-04-06,237.08306201915883,238.7969551907756,236.38410146861867,237.3224334716797
2021-04-07,237.27453885214405,240.26188968522158,236.68090236866658,239.2756805419922
2021-04-08,242.0237177384508,243.3354687608856,241.28644949639067,242.48330688476562
2021-04-09,242.11941451808443,245.10677996320857,241.70770266251623,244.9727325439453
2021-04-12,243.88115634461525,246.71532006467945,243.79497153952695,245.03013610839844
2021-04-13,246.32278429436747,248.1707247107551,245.9110432297693,247.50047302246094
2021-04-14,246.53346291002805,247.82604540903546,244.31208876364178,244.7238006591797
2021-04-15,246.96426979465292,248.8792411187136,246.77279019433294,248.467529296875
2021-04-16,248.43889525885467,249.9038476798962,246.64840110204327,249.65489196777344
2021-04-19,249.1282496155156,250.36341456332264,246.85901279011068,247.73988342285156
2021-04-20,246.85899261240542,249.13781346064496,245.92064602191053,247.28028869628906
2021-04-21,247.93137119944473,249.59738711284092,246.3132178871805,249.5016326904297
2021-04-22,249.1473536226995,250.65061323164073,244.7716514338191,246.2366180419922
2021-04-23,246.91645610073897,250.3921344174807,246.33237453675008,250.04742431640625
2021-04-26,250.53571276740308,251.28255044757523,249.10906841916076,250.4303741455078
2021-04-27,250.45910133423507,252.00066853516242,249.06118036716788,250.83253479003906
2021-04-28,245.1929318712651,245.63339634375507,242.19601148356284,243.73756408691406
2021-04-29,244.59932929978729,245.21211962839484,238.41396459315484,241.7747344970703
2021-04-30,239.12245714343067,242.3204555161356,238.98840974487626,241.45870971679688
2021-05-03,242.62688061963894,243.5365037605011,240.44381430171563,241.15235900878906
2021-05-04,240.3002295284538,240.5300313964655,235.31172172633566,237.2554168701172
2021-05-05,238.47141614100633,238.89271223968217,235.36917143271003,235.9915313720703
2021-05-06,235.97234785294665,239.23737759650186,234.28717828050156,239.11289978027344
2021-05-07,241.43006529011436,243.488668753516,240.49173319330328,241.72689819335938
2021-05-10,240.2044660000965,241.02790440002454,236.61389413007436,236.6713409423828
2021-05-11,234.1531648123597,236.11601370401354,232.25734694226097,235.76173400878906
2021-05-12,231.8743396289335,233.9903897227852,227.948656527006,228.839111328125
2021-05-13,231.52003537715683,235.15848380508328,231.1561861513427,232.69773864746094
2021-05-14,235.13938182515005,238.58632219282524,235.05321160322504,237.60011291503906
2021-05-17,236.0681130601291,236.10640606144966,233.16693242516902,234.75634765625
2021-05-18,235.80001784180902,235.93406526132515,232.57328095548002,232.74563598632812
2021-05-19,229.66505988588793,233.4270699289617,228.98368329605674,233.32150268554688
2021-05-20,234.12762575703587,237.95680642050272,234.03165022443645,236.54605102539062
2021-05-21,237.59212984793598,238.3214941013183,234.87618630622384,235.28884887695312
2021-05-24,237.8032462568259,241.03743419435494,237.53453234396076,240.67274475097656
2021-05-25,241.62286264574047,242.56336139082663,240.71115363257866,241.5748748779297
2021-05-26,241.29657763977363,242.74572928938528,240.64399079545984,241.3541717529297
2021-05-27,241.04702994155994,241.3445335898177,239.20441394645133,239.26199340820312
2021-05-28,240.88381074700845,241.9202846779973,239.50184550569,239.61700439453125
2021-06-01,241.1045951554449,241.1621746137941,237.0067008356278,237.428955078125
2021-06-02,238.12951193758346,239.2235654293985,235.93179861632396,237.3329620361328
2021-06-03,235.33682647405521,236.41168209445024,233.20629862376543,235.8070831298828
2021-06-04,237.77447761017086,241.50769763472985,237.53455340642336,240.68235778808594
2021-06-07,239.90498716685534,243.84934135732763,239.74184047817525,243.58062744140625
2021-06-08,244.876236168721,245.6919842968053,242.33303089186523,242.390625
2021-06-09,243.58062603040793,245.23130558654012,243.00481677554484,243.36949157714844
2021-06-10,244.04128816987938,247.08352521054456,243.44628085125785,246.8723907470703
2021-06-11,247.5921468031884,248.0719951619915,246.26776064687272,247.49620056152344
2021-06-14,247.50583260610523,249.4732288869028,246.45016012465604,249.4156494140625
2021-06-15,249.3003956801018,249.51153012091862,247.29463313615113,247.9472198486328
2021-06-16,248.94532119918156,250.07775629014873,244.16603567438125,247.00674438476562
2021-06-17,245.74956506687877,251.20063582773113,245.69198560224893,250.3848876953125
2021-06-18,249.1660416179004,251.7284152280359,248.32150389448208,248.97409057617188
2021-06-21,249.34845064070845,252.899311527695,247.5250324244046,252.04519653320312
2021-06-22,252.13153511680653,255.07781121256852,251.8244251231669,254.80909729003906
2021-06-23,255.26974875368182,256.07589057104275,253.7726240517797,254.57876586914062
2021-06-24,255.43292067180403,257.0548107139266,254.77072749306174,255.94155883789062
2021-06-25,255.50006023392783,256.47894031384675,254.08930492861072,254.33880615234375
2021-06-28,255.46170811912478,258.0624783950666,255.19299417128897,257.8897399902344
2021-06-29,258.0336989887395,260.70165518033133,257.1795839833562,260.46173095703125
2021-06-30,259.7803139253489,260.42329434263524,258.7342479891088,259.9818420410156
2021-07-01,258.7437788756873,260.8839127760859,258.7342018255398,260.6535949707031
2021-07-02,261.8244857323976,266.7957080842182,261.517375730034,266.4598083496094
2021-07-06,266.82450452254136,268.11049474118505,263.2448248561012,266.46942138671875
2021-07-07,268.13925010791996,269.3772670421519,265.97993254914314,268.64788818359375
2021-07-08,265.74001367275713,267.49627505663517,263.791830519067,266.23907470703125
2021-07-09,264.60757033893503,266.84365072149694,264.2236975236495,266.73809814453125
2021-07-12,267.9089660643457,268.4943670627255,265.432931883586,266.14312744140625
2021-07-13,266.33497693412966,271.4501759643952,266.2102409837941,269.6555480957031
2021-07-14,270.97037689383615,272.2275772639754,269.24290521159406,271.1239318847656
2021-07-15,270.634489804362,271.12394453030225,268.5519349217963,269.7035827636719
2021-07-16,270.7016209659572,272.64980384909137,268.19679766614735,269.434814453125
2021-07-19,267.6882436982978,269.07020954845063,263.38882042015535,265.84564208984375
2021-07-20,266.8244526302893,269.64596306299137,265.1258001402408,268.0624694824219
2021-07-21,267.6593524599545,270.173752645904,266.1142551272196,270.05859375
2021-07-22,272.4002549090158,274.87628831519737,271.9971987743624,274.6075744628906
2021-07-23,275.78801102778897,278.30241146815854,274.9530796603886,277.9953308105469
2021-07-26,277.3523869804331,278.0145801435692,275.0875164942922,277.4003601074219
2021-07-27,277.76502450299625,277.9089731585834,271.54620828066527,274.99151611328125
2021-07-28,277.3427364892114,278.4559881617901,272.3906980646863,274.68438720703125
2021-07-29,274.7035639775205,276.9876467259065,274.5500089966287,274.9530944824219
2021-07-30,273.6767461132666,275.10668495635474,272.4675187874959,273.4272155761719
2021-08-02,274.8187628216139,275.212242025892,272.30436188036447,273.3408508300781
2021-08-03,273.91665931799884,275.6537080927837,272.5538770462147,275.5481262207031
2021-08-04,274.6844177660965,275.99919768889043,273.1776867693029,274.9627380371094
2021-08-05,275.31776508444204,277.9569307324331,274.5692029085165,277.8513488769531
2021-08-06,276.88206803398026,277.832158270537,276.0279240247651,277.79376220703125
2021-08-09,278.0721021873737,279.7995444289697,276.2102883577603,276.7093200683594
2021-08-10,277.16040859309794,277.5922838439448,273.70552373680465,274.8955383300781
2021-08-11,275.6345110192113,277.0260831007816,274.3389144756151,275.385009765625
2021-08-12,275.0778712144452,278.2832546943312,274.7995509694879,278.12969970703125
2021-08-13,277.81300703201526,281.0951532950036,277.64023937005385,281.04718017578125
2021-08-16,281.3735389324563,282.9378495792554,278.3312868461039,282.7267150878906
2021-08-17,280.60571955216835,281.6037829881996,279.34848998709674,281.26788330078125
2021-08-18,280.8063906085156,283.4794538884407,279.1044566907851,279.5467834472656
2021-08-19,277.5852494378773,286.0275166816487,277.53718447593633,285.35443115234375
2021-08-20,288.191023550766,294.07560799546314,286.59487330209095,292.65252685546875
2021-08-23,291.5851633028545,293.6524553767425,290.23902167406834,292.9313049316406
2021-08-24,293.28707625697854,293.892847343343,290.38325427792677,290.9794006347656
2021-08-25,292.5947749618287,292.8736280290071,288.86404781166596,290.39288330078125
2021-08-26,289.4120831267804,290.79669430920046,287.4505750714238,287.5851745605469
2021-08-27,287.4890790455241,289.2967678980411,285.4121618113785,288.1910095214844
2021-08-30,289.5370889044811,292.51784992119383,289.4793992168539,291.9120788574219
2021-08-31,292.71012628359654,292.7870360747933,289.902434734155,290.267822265625
2021-09-01,291.2198217734967,293.45058787896966,289.8929000496603,290.2198181152344
2021-09-02,290.5755767585639,291.69093033858195,288.6332593639689,289.5659484863281
2021-09-03,289.41214289266503,290.96022807123313,288.71024177108217,289.556396484375
2021-09-07,289.4313293174563,289.5082391184174,286.7294213995241,288.63323974609375
2021-09-08,288.2487177517358,289.0467782166798,286.0275761245904,288.66217041015625
2021-09-09,289.2486315123154,290.51786328819594,285.5755650140941,285.8159484863281
2021-09-10,286.9409832920089,288.38328426235665,284.01791177587137,284.335205078125
2021-09-13,286.1044357072228,287.0563743400453,282.7679114864811,285.56597900390625
2021-09-14,288.0371373862397,289.79676112846977,286.6333058908585,288.25830078125
2021-09-15,291.59476661194844,293.5755240081629,290.21015551156955,293.0947570800781
2021-09-16,292.0755085061563,293.5658741180056,289.1909071848878,293.4793395996094
2021-09-17,292.4697880609758,292.7870813462865,288.0082565459675,288.3351745605469
2021-09-20,284.9313131787065,287.2293931677513,278.3832700003604,282.9794006347656
2021-09-21,284.31592318439675,286.09476653004566,282.75824316987325,283.46014404296875
2021-09-22,285.3159733040297,288.6717173261203,283.18136680799097,287.09478759765625
2021-09-23,287.354337147053,289.3254693919158,286.085105686677,288.0370178222656
2021-09-24,286.75820049672654,288.26778607600784,285.50818910413636,287.8351135253906
2021-09-27,284.7486847699523,285.0659780697312,281.67176431973326,282.8544616699219
2021-09-28,278.65250629111523,279.5948200559048,271.8737041842086,272.61407470703125
2021-09-29,274.1333463335849,275.73909166392633,272.1237438163445,273.0756530761719
2021-09-30,274.71987639892257,276.7583238245585,270.7872057817873,271.07568359375
2021-10-01,271.2679443559621,278.8256162130786,270.46988411493584,277.9794616699219
2021-10-04,276.3448372844205,276.68138001851474,269.46987576086445,272.2198486328125
2021-10-05,273.1237412861691,279.22948850924683,273.1237412861691,277.652587890625
2021-10-06,274.78714430445336,282.3351909458261,274.52754072695535,281.8351745605469
2021-10-07,283.82556353271264,285.2294241243567,282.61405079814455,283.5082702636719
2021-10-08,284.8255669837104,285.2294241243567,282.4602018561691,283.5082702636719
2021-10-11,281.6524720234435,286.5082056038626,281.48899837875047,282.9120788574219
2021-10-12,283.979409290472,284.07556854608913,281.10443241273595,281.6140441894531
2021-10-13,283.5659677751689,285.8447984376841,282.20057671725624,284.912109375
2021-10-14,287.7005622674281,291.60438772035315,286.37364073387175,291.1044006347656
2021-10-15,290.71014559366176,292.7389973101157,288.96014691464524,292.5082092285156
2021-10-18,291.89287998601975,296.3543824347761,291.04672538099135,295.46978759765625
2021-10-19,296.489006090617,297.40244575766764,295.4024680074294,296.3736267089844
2021-10-20,297.3158933508054,297.78706492240235,294.3351323484767,295.58514404296875
2021-10-21,295.3544015118529,299.0562838093166,294.57553200250277,298.8063049316406
2021-10-22,298.4601455444869,299.1236063471209,295.96015129406624,297.2678527832031
2021-10-25,297.46010317986077,297.4985727507945,294.6716608327069,296.2774353027344
2021-10-26,299.03708430610516,300.3832260837612,296.7294084953105,298.1813049316406
2021-10-27,303.8447111727647,313.5562093922769,303.8447111727647,310.7389221191406
2021-10-28,311.8543467291355,312.37358336767323,308.9985892327168,311.87359619140625
2021-10-29,311.6620413582326,319.2293097590361,311.4408779594298,318.8639221191406
2021-11-01,318.61388266615893,318.73888677742633,313.81583753903345,316.700439453125
2021-11-02,317.6043237502232,320.6235548856837,317.30625052903974,320.31585693359375
2021-11-03,321.05621499337065,322.017749048064,317.93122931561726,321.1523742675781
2021-11-04,320.08504044542997,323.59463338175044,316.83505110356475,323.49847412109375
2021-11-05,325.488795522106,325.7580237953972,321.55612604910704,323.1330261230469
2021-11-08,324.32538640649415,324.6619291544204,321.57541342152103,324.0273132324219
2021-11-09,324.1426973147689,325.69078224022303,321.6619526233949,323.02734375
2021-11-10,321.7004414585655,321.75813115179415,317.22931417120816,318.075439453125
2021-11-11,318.50812767039145,320.9311827118845,317.7966019223306,319.6427307128906
2021-11-12,321.0754775053688,324.25815300827657,320.95047337818704,323.76776123046875
2021-11-15,324.5562481350454,324.88316622775125,321.1812538481177,323.1427917480469
2021-11-16,322.7677173822912,327.5657918667416,322.60427303916015,326.4504089355469
2021-11-17,326.4985808420445,329.62928356256526,325.59308293416547,326.6719665527344
2021-11-18,325.76640921041985,329.879689002484,324.74532101503996,328.74298095703125
2021-11-19,330.06278336471644,332.43247631359634,329.6389320213559,330.5155029296875
2021-11-22,331.9700164889101,336.83466359463443,327.086114106962,327.3558349609375
2021-11-23,324.6778802533964,326.98980687418253,321.31599723176595,325.2847595214844
2021-11-24,323.93623607205905,325.74723199137054,321.6532358919778,325.50640869140625
2021-11-26,322.07702143466366,325.52559745058403,316.07569544288083,317.57843017578125
2021-11-29,322.64540869619697,326.585274135935,322.4527383080336,324.27337646484375
2021-11-30,323.0114652960252,325.38115820776426,316.9138032094252,318.455078125
2021-12-01,322.82836149169225,326.8260212365159,317.29906952934004,317.9637145996094
2021-12-02,318.17571186769004,321.24861933110265,315.7674790215907,317.39544677734375
2021-12-03,319.8036737217345,320.48763300351385,306.3561099885442,311.1533203125
2021-12-06,312.05881608344686,315.43034198292435,307.512071408828,314.2165832519531
2021-12-07,319.4664988261164,323.4737717636202,317.9830194018074,322.6260986328125
2021-12-08,323.00186310702526,323.18489117960274,318.6574010643354,322.6743469238281
2021-12-09,322.1348363640117,324.1384729979598,319.92888702095325,320.8729248046875
2021-12-10,322.68390724843727,330.40950670555475,322.50087922237924,329.9664001464844
2021-12-13,328.17469493292174,331.1705518397965,326.6334200526802,326.9416809082031
2021-12-14,320.9885957509713,322.3564851767146,312.21297846991945,316.2877197265625
2021-12-15,316.54772931653724,322.8862143337398,312.5886088133381,322.36602783203125
2021-12-16,323.3871030361662,324.39857838163,311.1629118249928,312.9739074707031
2021-12-17,309.101507137352,312.993219650069,305.6047483392989,311.914306640625
2021-12-20,308.3020210736538,310.9510777532028,305.9130724096926,308.16717529296875
2021-12-21,311.42304210587787,315.7000659257097,308.06112911488344,315.2762145996094
2021-12-22,316.24907907920306,321.3641625402389,313.7926936963985,320.96923828125
2021-12-23,320.53581089915843,324.0422122425746,320.51655561829773,322.40460205078125
2021-12-27,323.14632143413695,329.908658361648,323.1174238146764,329.8797607421875
2021-12-28,330.55406718206604,331.18984424383433,327.827960266222,328.72381591796875
2021-12-29,328.7719682057402,331.6618479007126,327.21143787403537,329.39813232421875
2021-12-30,329.3595496421258,330.5347684082041,326.38297747008363,326.8646240234375
2021-12-31,326.08434561446063,326.90312120375734,323.5219825277928,323.9747314453125
2022-01-03,323.0403535774783,325.59307446526094,317.67480384527,322.4623718261719
2022-01-04,322.53935638433114,322.8957994595312,314.1490832585769,316.9330139160156
2022-01-05,313.89866197929246,314.1009746877151,304.3813512536725,304.76666259765625
2022-01-06,301.65524488813156,307.0015395240339,300.0561747269668,302.35845947265625
2022-01-07,302.61852137240913,304.88226603603744,298.7075537396608,302.5125732421875
2022-01-10,298.1295907297212,303.1676245403952,293.505795319919,302.734130859375
2022-01-11,301.87678551872176,304.98820330544083,298.5149021278563,303.4180603027344
2022-01-12,307.9359141133859,311.53862085227667,305.4409591479046,306.5872802734375
2022-01-13,308.70657273811673,309.1015264774925,292.8411325706475,293.61175537109375
2022-01-14,293.0819018422109,299.41074404993253,292.6002553313774,298.8135070800781
2022-01-18,292.90853854423693,298.42818916600646,290.66404916965183,291.5406494140625
2022-01-19,295.04710904109396,302.38739918282636,291.5888896692159,292.19573974609375
2022-01-20,297.72506851398765,300.21035230338873,290.0861596688608,290.5292663574219
2022-01-21,291.5792015826187,292.94706137271686,284.7590697196657,285.1636657714844
2022-01-24,281.4742645277423,286.20400792942536,265.9170569502406,285.4911804199219
2022-01-25,280.81919810306823,284.1618263856482,274.70231034504417,277.9004211425781
2022-01-26,296.68467202710303,297.1759609807795,282.27381356056463,285.8187255859375
2022-01-27,291.55029488282537,296.019959606394,286.9939079100606,288.83380126953125
2022-01-28,289.2094904507192,297.1566583183815,283.64165765387617,296.9447326660156
2022-01-31,297.6093663560582,300.9134540935953,295.12405410178434,299.5648498535156
2022-02-01,299.01581936187534,299.2277450230752,293.9296328904505,297.4263916015625
2022-02-02,298.26442751039235,303.55289687211734,297.5419577332225,301.9538269042969
2022-02-03,298.12951017170525,299.8056598076775,288.9493300118975,290.1919860839844
2022-02-04,289.19021973386526,297.46490411870997,288.95903879189694,294.70989990234375
2022-02-07,294.9314984801919,296.54018169712276,288.8916311687313,289.9031066894531
2022-02-08,290.192026095255,294.343816714322,288.9397569117174,293.3805236816406
2022-02-09,298.4956591456946,300.4800407856737,296.1067108242928,299.7864685058594
2022-02-10,292.8796180366124,297.7731336434456,289.6622228774468,291.2805480957031
2022-02-11,292.06082398149493,293.12045222250043,283.4200840938403,284.2099914550781
2022-02-14,282.9866171180097,285.8668836168061,280.65546416556623,284.1714782714844
2022-02-15,288.9975672412042,289.7585476106749,286.11730093278925,289.440673828125
2022-02-16,288.0120371225755,290.42524925713894,283.484848801482,289.1028137207031
2022-02-17,286.0718280004565,286.49655572673316,279.93262997944396,280.6372985839844
2022-02-18,282.87670175552876,283.65858009488875,276.3706915634675,277.9344482421875
2022-02-22,275.106174591051,281.4191455825817,274.6235321794877,277.73175048828125
2022-02-23,280.10638276693766,281.5736347601143,270.37632332672223,270.5404052734375
2022-02-24,263.04977493259855,284.913470148122,262.0941229321313,284.3632507324219
2022-02-25,284.8942092758671,287.2977593325136,281.52534482802724,286.9888610839844
2022-02-28,284.0930236175549,288.7553666251348,282.8285026347826,288.4175109863281
2022-03-01,286.1104609698699,289.55653540384833,282.0079998222269,284.7108154296875
2022-03-02,285.1065776203058,291.00448458147713,283.50423036390407,289.7689208984375
2022-03-03,292.37509981281175,292.6067587164932,283.84195705729525,285.6470642089844
2022-03-04,284.07372012763096,285.3961558141852,277.20089590151974,279.7974853515625
2022-03-07,278.5136987489001,279.63343295977313,268.86084809464484,269.2276611328125
2022-03-08,268.1560912952362,274.1022488797593,260.626882041736,266.2738037109375
2022-03-09,273.60034117475794,279.5464994060376,271.03267993001293,278.48468017578125
2022-03-10,273.1949308694663,276.65066742284495,270.83963327856327,275.67572021484375
2022-03-11,277.9634336750457,279.4596429563479,269.7295545935928,270.34735107421875
2022-03-14,270.6078964971028,275.4922344920322,266.2448204638652,266.8432922363281
2022-03-15,270.6176534268287,277.8283334961411,269.0538964529326,277.18157958984375
2022-03-16,279.07349465678493,284.343971257443,273.36868699762886,284.17022705078125
2022-03-17,283.1083819524722,285.34782025844737,279.32445264555935,284.97137451171875
2022-03-18,285.1161798417101,290.5507382302181,282.5678431701578,290.0005187988281
2022-03-21,288.5140113733799,289.7206174710808,284.662504677972,288.7746276855469
2022-03-22,289.3923936093338,294.4118867402999,288.39815136686497,293.5045166015625
2022-03-23,290.07781025541306,292.70338668332965,287.3846568062616,289.09320068359375
2022-03-24,288.75537689115174,293.6397167673037,287.9638360996713,293.5431823730469
2022-03-25,294.6339351738191,294.8945515047454,288.9001402281707,293.1377258300781
2022-03-28,293.7651423882981,300.0105369064653,293.7651423882981,299.9140319824219
2022-03-29,303.0126740383153,304.8563722649628,298.321372750695,304.4606018066406
2022-03-30,302.86778951334975,304.9817657302456,300.76344611358445,302.96429443359375
2022-03-31,303.0029027856713,304.19987600855126,297.20156097857216,297.6069641113281
2022-04-01,298.6301238516783,299.3637496525615,294.9330964008012,298.67840576171875
2022-04-04,299.32520192359516,304.1709216917822,298.9583889350334,304.0357971191406
2022-04-05,302.3947841023135,303.93924580373067,299.11282139815006,300.0877685546875
2022-04-06,294.59528689562205,296.3424501243935,286.4096607302466,289.1028137207031
2022-04-07,286.36150455996227,293.10883853038496,286.06226851131066,290.9079895019531
2022-04-08,290.0101841560006,290.6665707873598,285.9945956247322,286.66064453125
2022-04-11,281.66045568500346,282.4519668205672,275.10616374606843,275.3571472167969
2022-04-12,279.1989565504998,280.6468837008444,270.7527148401565,272.2682189941406
2022-04-13,272.914995798149,278.5618885948695,271.5346160767129,277.6352233886719
2022-04-14,278.088924351685,278.3012882088098,269.6233863517897,270.11566162109375
2022-04-18,269.22758288237094,272.654332085389,268.67736348503956,270.78167724609375
2022-04-19,269.6813419887161,276.2356357266572,268.74501431186735,275.39581298828125
2022-04-20,279.35348107967593,279.64308426283594,275.46338359699905,276.41900634765625
2022-04-21,278.5618984401678,283.1180442640561,270.33768184591173,271.0616455078125
2022-04-22,271.90145264874303,273.36870459899797,263.8895994942571,264.51702880859375
2022-04-25,263.80270265842034,271.35120773294403,261.37016600391445,270.9747619628906
2022-04-26,267.86663021091147,268.69676130335756,260.62699155656253,260.83935546875
2022-04-27,272.30688607431046,280.86895873505813,269.4689460085579,273.38800048828125
2022-04-28,275.28957261335694,280.8785798159734,271.6890497286869,279.575439453125
2022-04-29,278.59087064005706,279.81680135936267,266.9012842301464,267.8858642578125
2022-05-02,268.06926895596354,275.0482895864189,266.63100384066234,274.5946044921875
2022-05-03,274.10229991297473,274.26641131232816,270.42456669386183,271.99798583984375
2022-05-04,272.77986042090856,280.7820806094394,267.1233049625317,279.913330078125
2022-05-05,275.62748829742554,276.4093667940325,264.8162844690875,267.7218017578125
2022-05-06,265.27001991196914,269.55588849937345,261.8529021013271,265.19281005859375
2022-05-09,260.6848215778592,262.9049649269727,254.17881118176808,255.39505004882812
2022-05-10,262.25826345033016,264.24674803781596,255.86808196451094,260.144287109375
2022-05-11,256.4568596044713,261.9396702201162,250.29833784290227,251.50494384765625
2022-05-12,248.74432886712384,250.85830567004163,241.34059364701113,246.48556518554688
2022-05-13,248.41612264895286,253.90859714218703,246.4855524779226,252.05523681640625
2022-05-16,250.9354804390881,256.59206585930104,246.90059620764168,252.42202758789062
2022-05-17,256.87193855498094,259.0148721108303,253.34865472681068,257.55731201171875
2022-05-18,254.46120398258716,255.04172974493503,244.56334455457838,245.830810546875
2022-05-19,245.65664551679004,249.30426416130737,243.7022393056512,244.92132568359375
2022-05-20,248.8882164839808,250.1460272870901,238.43887034074822,244.36016845703125
2022-05-23,247.1950702704872,253.00993966850874,245.2019394152582,252.18753051757812
2022-05-24,249.51708958389656,252.84537580643223,245.26960571057927,251.19090270996094
2022-05-25,249.75902519728396,255.98991161054977,248.78180725280606,253.99679565429688
2022-05-26,253.7549092585627,258.43776617311875,252.9421849537325,257.2670593261719
2022-05-27,259.7633362460875,264.4655336439164,258.873192668912,264.3687744140625
2022-05-31,263.68188003957823,265.84914543757435,260.19875384510124,263.0433044433594
2022-06-01,266.2651808958061,268.67432940880065,261.27270543224773,263.575439453125
2022-06-02,255.86416618600398,265.73298709587516,253.10669066458044,265.6652526855469
2022-06-03,261.5338887851949,264.5719571114333,259.6955816677973,261.2532958984375
2022-06-06,263.2270685226695,265.2782340927179,258.5442115825969,260.0245361328125
2022-06-07,257.9830710374571,264.26235216439045,257.30578597515415,263.6528015136719
2022-06-08,262.88842705123176,264.13655309709793,260.85660150666956,261.6306457519531
2022-06-09,259.08602995149107,263.8559613723618,256.0383063846379,256.193115234375
2022-06-10,252.11974139835968,252.11974139835968,244.33111239687503,244.77618408203125
2022-06-13,237.1520524259518,240.9351106086177,233.68828195632932,234.3945770263672
2022-06-14,235.94261923059773,237.76158615878145,233.66891057036807,236.5521697998047
2022-06-15,240.24814951336052,247.01121141715927,238.41951248541616,243.5861358642578
2022-06-16,237.99380474825406,239.38705487358806,235.12991483585378,237.0166015625
2022-06-17,236.75535358790026,242.3670486857971,236.10710816342058,239.6095733642578
2022-06-21,242.13483565226932,246.4790647181553,241.40918580520898,245.50186157226562
2022-06-22,243.71192046945043,248.82050899795738,242.24126597240473,244.9116668701172
2022-06-23,247.27244944007643,250.94906352812058,245.39543280330932,250.4556121826172
2022-06-24,253.30982219314234,259.2795140264686,253.2227477629766,259.00860595703125
2022-06-27,259.50204339521724,259.58911783064,254.73211231864522,256.28985595703125
2022-06-28,255.40943822517565,258.24430356414223,247.99812997940293,248.15293884277344
2022-06-29,249.22685422747804,253.46465404099425,247.45626683639776,251.8101806640625
2022-06-30,248.70440512266876,251.1038981642681,244.6891481209095,248.49154663085938
2022-07-01,248.06587863167437,251.33611640522454,246.34365576375197,251.15228271484375
2022-07-05,247.84331663869565,254.44190037764724,246.46942121872016,254.3161163330078
2022-07-06,255.18689308896802,259.28922459470346,253.8807173042958,257.5670166015625
2022-07-07,256.5123449826114,260.3244273758523,256.4155857769769,259.68585205078125
2022-07-08,256.1930944319359,259.395626588486,254.74179480110894,258.96990966796875
2022-07-11,257.02518316379025,257.87661708581794,253.66784185070392,255.92221069335938
2022-07-12,257.2477138444937,257.3057634702687,243.8570440782721,245.4341278076172
2022-07-13,242.06714149558593,245.31805374321544,240.05467060292142,244.51499938964844
2022-07-14,242.43477469827525,246.85639326542395,237.95509174418504,245.830810546875
2022-07-15,247.41758340717305,251.91660674220472,246.49842984837338,248.38511657714844
2022-07-18,251.3167481398981,252.3713557823353,245.07616196648328,245.9953155517578
2022-07-19,249.21716520404595,251.28770022998475,245.44379198460823,251.10386657714844
2022-07-20,251.46186444630638,256.2705054721165,250.50401605859645,253.75491333007812
2022-07-21,251.35545481408533,256.2898799710948,248.68505377050542,256.2414855957031
2022-07-22,256.62848796970013,256.71556241158675,250.65882485957425,251.90692138671875
2022-07-25,252.52616526089446,253.00993186101113,248.4721987897753,250.42660522460938
2022-07-26,251.42314353761344,251.44251309723307,241.46724894665664,243.72158813476562
2022-07-27,252.68097341491003,261.28232818719346,250.4459740907152,260.0148620605469
2022-07-28,260.99207747518795,268.81941742326114,259.17311035737987,267.43585205078125
2022-07-29,268.6839646557535,272.8443453449876,267.64869711004144,271.625244140625
2022-08-01,268.799992074071,272.1476475746915,266.8842663401412,268.98382568359375
2022-08-02,267.0391735890701,268.8678255810628,263.53670799309106,265.8974914550781
2022-08-03,267.7744965070368,274.29566079302055,267.6293429063653,273.2991027832031
2022-08-04,272.6509141473919,274.58598104560417,271.07385942784214,274.44085693359375
2022-08-05,270.0868284690186,274.44072692749853,269.6320867822846,273.7247619628906
2022-08-08,274.82775145511005,276.6370630638141,270.25133901885744,271.2188720703125
2022-08-09,270.5610309152516,273.8893183608111,268.59690993620944,273.1346435546875
2022-08-10,278.81403276129174,280.40077172746834,277.62395639158353,279.7718811035156
2022-08-11,281.40702349193015,281.7553212542064,277.20793315057733,277.70135498046875
2022-08-12,279.1139251124632,282.43255615234375,277.6239160535678,282.43255615234375
2022-08-15,281.55217775836655,284.62892642888846,280.6910589868737,283.9419860839844
2022-08-16,282.51007032188716,284.4935315241321,280.9910653118464,283.2066955566406
2022-08-17,280.9280583220521,284.42828191151625,280.6662805490986,282.46002197265625
2022-08-18,281.36441282325103,283.0321034033775,280.2881560238518,281.34503173828125
2022-08-19,280.11362940883,280.4529907173876,276.8752129457477,277.447265625
2022-08-22,273.50106320350113,273.869510964488,268.7888850126345,269.3027648925781
2022-08-23,268.0325622558594,270.3789456095567,267.0241837556368,268.0325622558594
2022-08-24,267.0339874694459,268.7986430975907,266.7430935850049,267.4024353027344
2022-08-25,268.89553264663925,270.53413693993167,266.1709957164904,270.36932373046875
2022-08-26,270.5922412050878,271.813929906626,259.8298525866448,259.9364929199219
2022-08-29,257.76465225492166,259.2674999332414,255.82547868834627,257.16351318359375
2022-08-30,258.559742764077,258.92816091829354,252.73251622654692,254.97225952148438
2022-08-31,257.3186459236816,258.98630675463943,253.38209643308895,253.51785278320312
2022-09-01,250.99689552289797,252.95547952568998,247.64213394318216,252.48036193847656
2022-09-02,253.74094617471752,256.6884695412748,246.73082105835647,248.2724609375
2022-09-06,248.40817526683784,249.98857705648493,244.27772561001785,245.54788208007812
2022-09-07,246.95376285633063,250.9581464072949,245.5187784892074,250.24066162109375
2022-09-08,249.67831493374948,252.50949191714798,247.041022768642,250.65757751464844
2022-09-09,252.57734543450854,257.16350136081496,252.37374050442193,256.4169006347656
2022-09-12,257.69677794091064,259.31600091262334,257.09563886057305,258.5403137207031
2022-09-13,250.96787929490384,252.48043254990552,243.93837399962155,244.3262176513672
2022-09-14,245.8193660691324,246.49807394155667,242.26098391432333,244.54920959472656
2022-09-15,242.17373772461787,243.75415439975833,236.5986127372413,237.91725158691406
2022-09-16,236.83129478142976,237.83967345913706,234.69820652512584,237.2967071533203
2022-09-19,235.09571807800603,237.68451311918642,233.5249921595804,237.0833740234375
2022-09-20,234.70789152713547,236.10408413767027,232.35178783208616,235.07632446289062
2022-09-21,236.84096320739502,240.1278617486554,231.634272219412,231.68275451660156
2022-09-22,230.63561584371612,236.44344631490495,230.3447516288207,233.65103149414062
2022-09-23,232.25482322354088,233.79647753038185,228.04681992346752,230.68409729003906
2022-09-26,229.84056473429231,234.106740937524,229.69511783060327,230.2283935546875
2022-09-27,232.68146460352042,234.44611989699393,227.3681324316485,229.2200469970703
2022-09-28,229.60786226959718,234.95998588678188,227.5911198226186,233.73831176757812
2022-09-29,231.6245958212714,232.652355487679,227.28085099175377,230.27687072753906
2022-09-30,231.0428450141116,233.224415436406,225.65194447106404,225.8167724609375
2022-10-03,228.25045038719026,234.26188606885609,227.52326022905194,233.41835021972656
2022-10-04,237.63603337433412,242.74576012730563,237.529378230904,241.31077575683594
2022-10-05,238.5086974304911,242.95909794804967,236.6761787000421,241.62106323242188
2022-10-06,240.38964536366748,242.72635307461078,238.5959186818319,239.28431701660156
2022-10-07,233.57343358857807,233.98067302799203,226.0785324285466,227.11599731445312
2022-10-10,225.96225028205052,227.426321306338,219.83445342266862,222.27781677246094
2022-10-11,220.69732857690988,222.09353584683348,217.2940844525108,218.55455017089844
2022-10-12,218.54485501658382,220.9300450129457,217.14866247633316,218.88421630859375
2022-10-13,213.16364508557754,228.91942919508384,212.46554146760957,227.11599731445312
2022-10-14,228.37649233923707,230.02480190806705,221.3954696052538,221.60877990722656
2022-10-17,228.64798396705297,231.6924861628052,227.98865719878884,230.30596923828125
2022-10-18,235.84232244327512,236.51132497546385,228.2116634940623,231.24647521972656
2022-10-19,229.83085382652337,232.3226990610641,227.1644900654512,229.2878875732422
2022-10-20,228.59946261864803,233.97096647906852,227.7268257033532,228.9678955078125
2022-10-21,227.60079244947556,235.6095734471352,227.3680863100955,234.75633239746094
2022-10-24,236.34648327507583,240.30239936572295,233.96130792884753,239.7303466796875
2022-10-25,239.74006238454706,243.4050998483293,238.3535601564571,243.0366668701172
2022-10-26,224.13940416091688,231.05256356203466,223.06316209926047,224.28485107421875
2022-10-27,224.01335747357737,226.58277171119522,218.9133355552526,219.8538360595703
2022-10-28,219.3593305055409,229.40425069094275,219.17510664004706,228.69644165039062
2022-10-31,226.65060686599685,227.77533111378162,224.11998470584146,225.0701904296875
2022-11-01,227.4650722384831,228.57040061346953,220.41617196573657,221.23062133789062
2022-11-02,222.4814320174644,224.26546848649176,213.34790976650638,213.40609741210938
2022-11-03,213.3963618064245,213.70663669340686,207.4721856849331,207.73397827148438
2022-11-04,210.9336199205367,214.85074424296624,206.93891208084915,214.65682983398438
2022-11-07,215.23861235404937,221.46335879760886,214.55019910987951,220.9397735595703
2022-11-08,221.74455003259666,224.60482880222662,218.97153054463013,221.9093780517578
2022-11-09,220.45496487826287,221.67665381960256,217.507427263288,217.68194580078125
2022-11-10,228.2698114597355,235.92955599741592,227.85289624042093,235.59019470214844
2022-11-11,235.59992645228266,240.4478609583566,234.5721519094285,239.59461975097656
2022-11-14,234.63032541196574,236.491930374749,231.9348751725974,234.20370483398438
2022-11-15,238.18870924194545,239.4879520708681,232.72993053937964,234.61093139648438
2022-11-16,236.06939815763067,237.05145015358517,233.76500614633548,235.0387420654297
2022-11-17,231.1981031395672,236.51669138454196,231.05226116577742,234.99014282226562
2022-11-18,236.76946659991202,236.99311072037338,232.4134803048627,234.54286193847656
2022-11-21,234.74705121223045,237.8973712159803,234.51370406585946,235.3498992919922
2022-11-22,236.8472486173572,238.51963895713513,234.04697919434565,238.2473907470703
2022-11-23,238.32516175031657,241.40741186039304,237.50841717604806,240.72679138183594
2022-11-25,240.46428755240743,241.81581080755163,239.9003405690243,240.63931274414062
2022-11-28,239.26832798344634,239.82254225297007,234.1344834195783,235.06790161132812
2022-11-29,234.7178334773002,236.06935648277695,231.6161478962917,233.67745971679688
2022-11-30,233.910875092645,248.26230347666475,233.2205218203915,248.0775604248047
2022-12-01,246.84269045988094,249.03040883628205,243.97435155588244,247.63999938964844
2022-12-02,242.90480403425175,248.9720667058495,242.778397783122,247.9608612060547
2022-12-05,245.03417222631165,246.79408255563942,241.19351410319612,243.27427673339844
2022-12-06,243.87711611749123,244.8883215875388,237.03198043755035,238.3348846435547
2022-12-07,238.0529558163032,239.3461423733255,235.50548378588942,237.60568237304688
2022-12-08,238.06266840254827,241.854722806182,236.3319411296729,240.5518035888672
2022-12-09,237.92653108598594,241.43660437225947,237.40148518904434,238.62660217285156
2022-12-12,240.6004067044122,245.5495083577721,240.32815848858516,245.5203399658203
2022-12-13,254.44625651294808,256.61453937496145,246.06486835036688,249.8083038330078
2022-12-14,250.01248566170938,255.32134114124744,247.27053790250687,250.09999084472656
2022-12-15,246.69683279651164,247.16354186623428,240.49343144760888,242.11720275878906
2022-12-16,241.66997762867638,242.9242630632895,236.76947979184487,237.9168243408203
2022-12-19,238.08212143380248,238.42243914772908,232.1023632453267,233.794189453125
2022-12-20,232.77323628356203,236.18608654823132,231.82036751639754,235.1068115234375
2022-12-21,234.99985605475112,238.82106381583225,233.4635897668888,237.66400146484375
2022-12-22,234.58175331390822,235.29155709825014,227.39631414751827,231.59674072265625
2022-12-23,229.57430859844388,232.25790450291396,227.46437751544144,232.1217803955078
2022-12-27,232.09262880735398,232.31625810648032,229.30207698528272,230.4008026123047
2022-12-28,230.33271426152407,233.08437961165026,227.6880046259404,228.0380401611328
2022-12-29,229.12702186965714,235.22346762933782,229.12702186965714,234.33865356445312
2022-12-30,231.61620583114026,233.31776474462188,230.10910782620186,233.181640625
2023-01-03,236.3513904454424,238.94748134129327,230.82860879757206,232.94827270507812
2023-01-04,225.85031465735742,226.42397945527185,219.70526469993285,222.7583465576172
2023-01-05,220.9109676292611,221.25128535832076,215.62154764960167,216.1563262939453
2023-01-06,216.8272270587664,219.51082327228505,213.27826716927703,218.70379638671875
2023-01-09,220.18172344662707,224.8391416447206,220.14283719895346,220.8331756591797
2023-01-10,221.45544993887123,224.90718660058684,221.03735973961676,222.51528930664062
2023-01-11,224.88771246329648,229.41872372216184,224.7127021200409,229.24371337890625
2023-01-12,228.74781470305837,233.25937529724501,227.09487499383394,231.90785217285156
2023-01-13,230.4396879177981,232.74408004932297,228.41726187215806,232.6079559326172
2023-01-17,231.38286587640675,234.2414874971433,230.52721999362362,233.69699096679688
2023-01-18,234.88319223600368,235.67076853478866,229.0006572078567,229.28262329101562
2023-01-19,227.3088064182575,229.00064735365646,224.29461063179636,225.510009765625
2023-01-20,228.35890938614477,234.07615156759218,228.0185916995672,233.57054138183594
2023-01-23,234.4261906970003,238.38352255893335,233.0163158336519,235.86521911621094
2023-01-24,235.78745289233305,237.19731304543689,233.7844773158166,235.34017944335938
2023-01-25,227.9894454823822,236.56530958865662,224.5085403000208,233.94976806640625
2023-01-26,236.90559786802248,241.43660948835614,235.30127691453504,241.13519287109375
2023-01-27,242.0977983186481,242.91454300523202,239.9975849790759,241.290771484375
2023-01-30,237.74178578895192,238.80162509755758,235.4957305884033,235.9916229248047
2023-01-31,236.7111567610399,241.08659409428063,236.22499705734649,240.95046997070312
2023-02-01,241.1352210643855,248.1164675204951,238.67525406866622,245.7537384033203
2023-02-02,251.6556615153349,257.36317045013345,250.12911325561998,257.2756652832031
2023-02-03,252.35574697610576,256.88675825123045,249.9832856273653,251.1986846923828
2023-02-06,250.31391213131076,251.15009258378038,247.72753893121822,249.66244506835938
2023-02-07,253.31837383415902,261.3302762498554,252.88081823202182,260.1537780761719
2023-02-08,265.63764785701306,269.0991022332483,258.84111568990085,259.34674072265625
2023-02-09,266.2210185187912,266.3960585481187,255.525505975814,256.32281494140625
2023-02-10,254.2906513684381,256.77978626583,253.44473837157508,255.81719970703125
2023-02-13,260.23156430688056,266.9988986544617,259.7551076492649,263.8096923828125
2023-02-14,265.12226795926784,267.3585900699576,261.82609189388216,264.6361083984375
2023-02-15,261.54618038787015,263.89534271397224,259.4601911138888,262.52093505859375
2023-02-16,257.3546924253558,260.0060260617434,255.28821748394975,255.5319061279297
2023-02-17,252.84160627305934,253.523916634786,249.53717394877788,251.545166015625
2023-02-21,248.0555940681639,249.0401059222705,245.23855332825676,246.29129028320312
2023-02-22,247.6754219276689,247.91911060638247,244.0200917469653,245.16055297851562
2023-02-23,249.108321803698,250.35600669518152,244.1565658834327,248.33827209472656
2023-02-24,243.64969909955178,244.66343747539474,241.83665470499022,242.92837524414062
2023-02-27,246.08657375483682,246.4374860355747,243.09406973943646,243.84463500976562
2023-02-28,242.78216630386783,245.1410709516809,242.4507383937105,243.12332153320312
2023-03-01,244.42946467971646,244.59517118131993,239.58493299824488,240.05282592773438
2023-03-02,240.32578121944115,245.0533327272031,239.4095093951341,244.77066040039062
2023-03-03,245.82337754163785,249.16677885152734,245.04357084699137,248.84510803222656
2023-03-06,249.956359426143,253.55320692008516,249.517722752789,250.38525390625
2023-03-07,249.82961864090797,251.18454195758378,246.99309375726955,247.73390197753906
2023-03-08,247.62665530828698,248.11403261472034,244.47820207332853,247.2952423095703
2023-03-09,249.36174508099094,253.00731800229747,245.22877995450497,245.95010375976562
2023-03-10,244.74141460422547,246.40823683070676,241.3492723748031,242.31427001953125
2023-03-13,241.1543148292338,251.39899658512076,239.52647621107045,247.5097198486328
2023-03-14,250.26829634300452,254.4792442426015,249.40076516094558,254.20631408691406
2023-03-15,253.41676912459158,259.7526754623926,252.66618887408737,258.7389221191406
2023-03-16,258.514689849532,269.57816182335324,256.6334203873444,269.2272644042969
2023-03-17,271.23525555020916,276.1772393298442,269.3442290300633,272.3757019042969
2023-03-20,269.98756773899805,270.47494508940247,263.0375619626868,265.35748291015625
2023-03-21,267.94061395407743,268.0575797747977,262.7159125670362,266.8683776855469
2023-03-22,266.497948625342,273.9450893595406,265.30874661401754,265.4159851074219
2023-03-23,270.92332074814243,273.9645506194871,268.25250241830935,270.650390625
2023-03-24,270.2409584505626,273.54539085578926,268.33044774491924,273.4869079589844
2023-03-27,273.41866361100745,274.3544196920251,268.56437502402,269.4026794433594
2023-03-28,268.82756793649463,269.16873798129603,265.18196566074795,268.2817077636719
2023-03-29,271.9175487241211,274.0425364680911,271.3814455656998,273.4284362792969
2023-03-30,277.05456782750633,277.2787423935812,274.3739921244632,276.87908935546875
2023-03-31,276.5671528059377,281.96727225154604,275.8555711889492,281.0217590332031
2023-04-03,279.2866930601582,280.99251370652144,276.781596204477,279.9787902832031
2023-04-04,279.9788398181857,283.11755155269356,278.45822466702356,279.9300842285156
2023-04-05,278.6336936146696,279.90086308353324,275.7776689021103,277.16180419921875
2023-04-06,276.06028813189846,284.70635812116194,274.91008465074276,284.2384948730469
2023-04-10,281.90887208627026,282.28904079719536,277.52247479063857,282.0843505859375
2023-04-11,278.5361465748028,278.7603508575734,274.5299191651681,275.6898498535156
2023-04-12,277.6003898328518,279.7643463826104,274.8418174679427,276.33319091796875
2023-04-13,276.4306715348985,282.58137108364906,276.02129123451107,282.52288818359375
2023-04-14,279.75459555412215,281.197243201843,276.5281599154827,278.91632080078125
2023-04-17,282.6106328823751,284.23848637686285,278.93581824426053,281.5091552734375
2023-04-18,284.2092540026853,284.3944597878288,279.7643746535523,281.09002685546875
2023-04-19,278.7700813374877,281.7528282776957,277.3567049001675,281.1679992675781
2023-04-20,278.0488101013178,281.73338210050423,277.88308869454204,278.8870849609375
2023-04-21,277.8148324496472,279.04300308117706,275.91404898236954,278.5458984375
2023-04-24,274.9685142964532,277.75632784748706,271.6835961405842,274.6565856933594
2023-04-25,272.45369257019934,274.49092630001803,268.41819388016194,268.4669494628906
2023-04-26,289.2098013185826,292.0073432244721,285.34002303400024,287.9133605957031
2023-04-27,288.4981481341887,297.4951446738083,287.79632356423065,297.13446044921875
2023-04-28,296.33519048615636,301.13096702652024,295.6528502866571,299.5031433105469
2023-05-01,299.2204464922504,300.80930138647517,297.44638582832135,297.8460388183594
2023-05-02,299.9905085390908,301.3746435203023,296.237697087883,297.6998291015625
2023-05-03,298.8792887083803,300.819041090019,296.4131604465873,296.71533203125
2023-05-04,298.5088623937183,299.9905085390908,295.74056268414336,297.6998291015625
2023-05-05,298.00202238980415,304.09423955747224,296.58861610804354,302.80755615234375
2023-05-08,302.3006492277248,302.36888918912433,298.36263230970064,300.8580017089844
2023-05-09,300.2243882965187,302.21289582093056,298.5770507991459,299.2496337890625
2023-05-10,300.82884186341124,305.09827293430556,299.90284258938135,304.4256896972656
2023-05-11,302.2714311285641,303.2656701896078,298.5283767405059,302.2811584472656
2023-05-12,302.71005168658775,302.8075331032812,298.8597885779878,301.1699523925781
2023-05-15,301.2966855922646,302.0764774582507,299.82479646702666,301.6475830078125
2023-05-16,302.0082708882203,305.7903243255261,302.0082708882203,303.87005615234375
2023-05-17,305.0715691203483,307.1620885056331,303.55737876771076,306.7420349121094
2023-05-18,307.2598287418547,311.665592368816,306.4685537852504,311.1575927734375
2023-05-19,309.4187276052405,311.38227715164794,309.05728471229986,310.98175048828125
2023-05-22,311.23578210832846,315.13354641281757,310.6594231373723,313.7561340332031
2023-05-23,312.6326330108963,315.2604571188561,307.96312199673974,307.972900390625
2023-05-24,307.45521463229585,309.1842914063532,305.38419212471825,306.5955505371094
2023-05-25,315.7684598442555,319.3438643558403,312.6033603605029,318.38653564453125
2023-05-26,316.53043497879963,325.69362591247574,316.3936865085404,325.1954345703125
2023-05-30,327.4813593124993,327.9795506793169,322.88020682779495,323.55426025390625
2023-05-31,324.60934766264484,328.1749743960477,319.76397327421006,320.79949951171875
2023-06-01,318.396295279445,325.8206313081567,317.21427212946173,324.892578125
2023-06-02,326.5239570954144,329.6988347635074,324.8632399287716,327.6473693847656
2023-06-05,327.4715375327869,330.7343313163918,326.9244840727919,328.1748962402344
2023-06-06,327.57901828059016,327.6181020499909,324.4920861780968,325.9671630859375
2023-06-07,323.9841067025186,326.75845825838536,315.045609330463,315.9052734375
2023-06-08,316.4522947423508,319.08989754628954,315.8759358684607,317.7417907714844
2023-06-09,317.47800789711727,322.3624353785323,316.9114274266321,319.2364196777344
2023-06-12,320.98503906691633,324.42369526305714,317.64410719983425,324.1794738769531
2023-06-13,326.738912078587,329.1909043563213,322.75323214002157,326.5630798339844
2023-06-14,326.6118850882896,331.20325873096044,325.11725150881233,329.54254150390625
2023-06-15,329.679373413851,341.7536655006573,329.40584662971514,340.05389404296875
2023-06-16,343.19939555884866,343.3459224105444,334.04598387273194,334.41717529296875
2023-06-20,331.4669997090526,334.17296167361366,328.09673298112693,330.2361145019531
2023-06-21,328.59502188215436,329.92360187076076,324.39442550484875,325.8499755859375
2023-06-22,326.3970013361719,332.2583147464339,325.6350317853251,331.8577880859375
2023-06-23,326.6314665032556,330.14826075055646,325.7425268104143,327.2762145996094
2023-06-26,326.00625756335666,328.340998601614,320.8971352379601,321.0046081542969
2023-06-27,324.1892578253604,328.38010561548896,321.6884329438187,326.8366394042969
2023-06-28,326.924509469394,330.1677765285819,326.0941508206252,328.0870056152344
2023-06-29,326.97334345829574,328.3409772213773,324.93165630266327,327.30548095703125
2023-06-30,329.9430603518384,334.80796061953606,329.40578527983763,332.6685791015625
2023-07-03,331.3498259032752,333.02029191600536,328.7903904255227,330.17755126953125
2023-07-05,327.3445644884712,333.752931098431,326.99290001201024,330.3338317871094
2023-07-06,329.50350728576706,335.0619888415349,327.7451250968569,333.3817443847656
2023-07-07,331.4768196689225,333.8897282258727,329.2104379854344,329.42535400390625
2023-07-10,326.86590410565805,327.4813467591402,320.017927004541,324.159912109375
2023-07-11,323.4077439781263,325.1661261312258,319.441590831674,324.78515625
2023-07-12,328.81965499219945,333.7529146882439,327.9111586604982,329.4057922363281
2023-07-13,331.71130293570513,335.7946779702035,331.18377631501846,334.7396545410156
2023-07-14,339.55563567406386,343.3068725083686,336.35145234816736,337.25994873046875
2023-07-17,337.689815809939,338.9695335941496,334.29027291358,337.7386779785156
2023-07-18,337.8363418414127,358.30210756551196,334.2609666964125,351.18060302734375
2023-07-19,353.388368189592,354.0819486228708,344.293565577068,346.8725280761719
2023-07-20,345.3974402048797,349.6957307761419,337.3869665581141,338.852294921875
2023-07-21,341.07959326630163,342.20300571747845,331.97501253322577,335.8239440917969
2023-07-24,337.8558806826926,338.901155398555,334.397697414045,337.1329650878906
2023-07-25,339.0867071747874,343.75624842360725,337.0938822455354,342.8672790527344
2023-07-26,333.54776814346803,336.7031188576935,325.4102957060048,329.96258544921875
2023-07-27,332.61000460063315,333.4403334728924,321.4441800463063,323.0755920410156
2023-07-28,325.9573926830905,332.1508430764587,325.4689499409115,330.5487365722656
2023-07-31,329.1322504149572,329.89421985375384,325.654510875741,328.1553649902344
2023-08-01,327.44229185029457,330.7148646247149,325.98674182307207,328.5657043457031
2023-08-02,325.9183364890345,325.9183364890345,318.8163593371292,319.9300231933594
2023-08-03,318.46468799733185,322.25500868577666,318.415855644904,319.10943603515625
2023-08-04,324.20875816253636,327.3934143700841,319.67599522143337,320.2035217285156
2023-08-07,320.7798736154958,323.45653023504116,319.94951501235715,322.4796447753906
2023-08-08,319.4025193112215,321.1511529476865,315.53406053871555,318.5135498046875
2023-08-09,318.92387671073834,319.54906805843905,313.62914308212316,314.7818908691406
2023-08-10,318.4841482996127,320.67239173682515,313.7560268242706,315.465576171875
2023-08-11,312.8573931698293,314.9576912566164,311.8316453980151,313.5900573730469
2023-08-14,313.9612471638397,316.5695147707091,312.68149972344554,316.54998779296875
2023-08-15,315.53404351386234,317.5757308061961,313.482577825794,314.4203796386719
2023-08-16,314.04837487104845,317.59221281010525,313.06942104679297,313.65679931640625
2023-08-17,313.7938199901148,315.0958152353926,309.55493383854684,310.2108459472656
2023-08-18,307.8711973932979,311.679342341884,304.99307058455463,309.8193359375
2023-08-21,311.2387422776583,315.9768745946358,310.36748902091307,315.1056213378906
2023-08-22,318.6494592891844,319.21723934340076,314.6944776045053,315.6734313964844
2023-08-23,317.00485374224843,322.2716304158125,316.65241480901244,320.117919921875
2023-08-24,325.8448009621162,325.97206974501347,313.22607126255105,313.2358703613281
2023-08-25,314.70429575926823,318.5124107055097,312.0904758312742,316.1825256347656
2023-08-28,318.8061314202153,319.2858092722639,314.949050654982,316.88739013671875
2023-08-29,315.1056626837717,322.0562408320529,315.1056626837717,321.49822998046875
2023-08-30,321.75276957784916,322.86876141280084,319.57949087262745,321.8702392578125
2023-08-31,322.27157317335417,323.9455756518063,319.90249205082335,320.86187744140625
2023-09-01,324.33717196139406,325.00285335659055,319.9025125671937,321.7429504394531
2023-09-05,322.07580143984785,327.8026871669536,321.74296073160247,326.530029296875
2023-09-06,326.3636529709045,327.4209100280818,323.23098856949474,325.8741760253906
2023-09-07,324.3176359252016,326.0699418421109,322.1051906191248,322.9666748046875
2023-09-08,323.1429642698465,329.0852229921614,322.5262183896469,327.2349853515625
2023-09-11,330.1423875895978,331.29757584054045,328.37048350695864,330.8276672363281
2023-09-12,328.75231798743556,329.7019045004539,324.5036614898463,324.78753662109375
2023-09-13,324.33721264984047,329.76062559468676,324.2001746396606,328.98724365234375
2023-09-14,332.01219710477335,333.68619984765456,329.48650927999284,331.5716857910156
2023-09-15,329.82917548465673,330.29905425690873,322.7121612017879,323.2701721191406
2023-09-18,320.90106058890035,323.4463465779978,319.4913646526402,322.1345520019531
2023-09-19,319.30536803908217,322.45760041034737,317.6803011768475,321.733154296875
2023-09-20,322.57502662841824,322.6533297752539,313.76444378232884,314.0189514160156
2023-09-21,312.54080796824985,318.50263318201627,308.37045511046944,312.80511474609375
2023-09-22,314.5574539286877,314.68472270748657,309.49624944861836,310.3381652832031
2023-09-25,309.92703743147536,310.98432446171176,308.3705041858595,310.8570556640625
2023-09-26,308.49767963479206,309.2318948987817,303.4952107676556,305.57061767578125
2023-09-27,305.7272930031046,307.6852008158054,303.1722376476752,306.2070007324219
2023-09-28,304.4449019920562,308.84042586965904,302.9373343071566,307.0391540527344
2023-09-29,311.0626136858314,312.74641565358826,308.3509220336715,309.1047058105469
2023-10-02,309.6235591310726,315.11550641477425,308.5467037935523,315.0273742675781
2023-10-03,314.0777307403494,314.6259723470464,304.66020007739525,306.7943420410156
2023-10-04,307.4208957324774,313.3044183025866,307.391528310135,312.24713134765625
2023-10-05,312.3743346117822,313.24561775068076,308.2725161916583,312.6386413574219
2023-10-06,309.88779008773105,322.26177952741045,309.6430516561737,320.3724060058594
2023-10-09,317.9152672966711,323.3484492911128,316.37830256029935,322.8785705566406
2023-10-10,323.99458765130214,324.1316555430621,320.7738506985827,321.47869873046875
2023-10-11,324.2393029495446,325.8154342155564,322.21289114367397,325.4238586425781
2023-10-12,323.6127894514465,326.6083859172805,321.8017188086289,324.19036865234375
2023-10-13,325.38461749045547,326.8040823513373,319.49129742401084,320.8324890136719
2023-10-16,324.08262791660326,329.06552880865223,323.6421166530187,325.6391906738281
2023-10-17,322.65333336134296,326.4418792472216,320.5192215516416,325.07135009765625
2023-10-18,325.4923293025366,328.52709196343386,321.3905106177838,323.16241455078125
2023-10-19,325.1595033838665,329.78996567974724,323.9456102144574,324.34698486328125
2023-10-20,324.73856573197526,324.934368448125,318.6005359720502,319.79486083984375
2023-10-23,318.620120705819,325.7273354388913,317.56286365993043,322.38909912109375
2023-10-24,324.3273920928105,324.8560355263617,320.70528084515973,323.5736083984375
2023-10-25,337.7586697804962,338.91385810810175,330.5144167677778,333.500244140625
2023-10-26,333.37295718073534,334.4400133073603,320.0591786565096,320.98919677734375
2023-10-27,323.4757210351802,329.63334926048014,321.4884458683103,322.8687744140625
2023-10-30,326.39299310170355,332.3058824741977,324.84622935304117,330.2109069824219
2023-10-31,331.7184951865434,331.8653322788638,327.64604386616816,330.9940490722656
2023-11-01,332.63870122035286,340.10812307119625,332.50163335597534,338.7865295410156
2023-11-02,339.93194035995595,341.48847346531505,337.5139230484177,340.9892272949219
2023-11-03,342.27161121053757,346.9314407134558,340.01999961550734,345.3748779296875
2023-11-06,346.0112633950899,350.0151812088652,345.91336203130555,349.02642822265625
2023-11-07,351.8359771725129,354.83157330344505,350.10323976353783,352.94219970703125
2023-11-08,354.0680317747925,356.2119431597548,352.9618091115113,355.5560607910156
2023-11-09,354.67497835793193,357.1125938314782,352.77580544293505,353.098876953125
2023-11-10,353.8819973228906,362.3108050217642,353.47085345970584,361.8898620605469
2023-11-13,360.4703964021509,360.71513487046275,358.1992162461448,358.9627990722656
2023-11-14,363.2016494775537,364.1218684157094,359.6186750774512,362.4772033691406
2023-11-15,364.20368992773217,366.0184363495822,360.1131537221127,362.6243896484375
2023-11-16,363.88979560921166,369.17708096054344,363.1246629725075,369.0005187988281
2023-11-17,366.4892814424939,367.23480603716206,360.0052770614011,362.80096435546875
2023-11-20,364.1448242296059,371.6490149349355,363.9290160684621,370.24627685546875
2023-11-21,368.5100468166504,369.0495522871196,364.0467481750121,365.9595947265625
2023-11-22,370.79563367244174,372.5515261398846,367.82338415552084,370.64849853515625
2023-11-24,370.1383501357465,370.7661665682208,367.9901174917075,370.2364501953125
2023-11-27,369.5988734413345,373.38532049617334,369.02994094912424,371.39398193359375
2023-11-28,371.1389683050371,375.7003371685908,370.95258715281994,375.40606689453125
2023-11-29,376.4458170169272,376.9755034472532,370.24626453575155,371.62939453125
2023-11-30,371.27628513665223,372.8457964517108,368.3138546072338,371.68829345703125
2023-12-01,369.579278745005,370.9525899274523,364.23313921740737,367.3721618652344
2023-12-04,362.06527668869364,362.47725508494324,355.98343139448775,362.1045227050781
2023-12-05,359.46575623768496,365.9693683802573,358.65155863650625,365.4200439453125
2023-12-06,366.42064545969674,367.0484320232483,361.0156519151652,361.7709655761719
2023-12-07,361.21181439248187,364.3704447283438,359.3382140130918,363.8799743652344
2023-12-08,362.1633422956095,367.3230703614092,361.2118285564288,367.09747314453125
2023-12-11,361.4570668899954,364.51759731266617,359.12242306000167,364.2232971191406
2023-12-12,363.7818787799653,367.28384440026525,363.3992975227853,367.2445983886719
2023-12-13,368.8533179256787,370.44246703468053,363.7033791572921,367.2347717285156
2023-12-14,366.19500581642444,366.63644114858533,357.18997650221536,358.9556579589844
2023-12-15,359.858129570657,365.30233890168853,359.29898614385536,363.6641845703125
2023-12-18,362.408614614865,365.89094271187565,361.6532709896756,365.547607421875
2023-12-19,364.4096508615579,366.14593505859375,362.7911046946417,366.14593505859375
2023-12-20,367.85283078495934,368.8631986960778,363.46802384456504,363.5563049316406
2023-12-21,365.45932148482285,367.27406804850153,362.9873613143247,366.420654296875
2023-12-22,366.55795515551875,368.02936637236263,365.60644137118885,367.4407958984375
2023-12-26,367.852803392138,369.7558309565617,366.38139217856946,367.519287109375
2023-12-27,366.5677589576593,367.9116430236214,365.70452628978785,366.9405212402344
2023-12-28,368.2157224809446,369.2849443001597,367.0287925621367,368.12744140625
2023-12-29,368.8337703402161,369.9716653516636,366.3618101031722,368.8730163574219
2024-01-02,366.7345478799601,368.735675683701,359.77968054105025,363.8015441894531
2024-01-03,361.97695939537715,366.1459576250118,361.48648901542015,363.5366516113281
2024-01-04,363.6053166389914,365.9889954484458,360.1720240549271,360.9273376464844
2024-01-05,361.93771572916546,364.96881910463645,359.5147908390338,360.740966796875
2024-01-08,362.26139076236115,368.04896487668356,361.9769395114855,367.5486755371094
2024-01-09,364.91979160608497,368.8239167777909,364.1154129764403,368.62774658203125
2024-01-10,369.1966857666869,376.84804200266086,369.1476507008414,375.4747009277344
2024-01-11,378.64320069669225,383.23399708528007,373.13031743484856,377.29931640625
2024-01-12,378.14285622037966,381.27205974083927,377.31886954764786,381.0660705566406
2024-01-16,386.15716028479716,386.52010359232963,380.2322694497991,382.8317565917969
2024-01-17,380.58540492477397,382.67478358686355,377.47580955942465,382.0469970703125
2024-01-18,384.2540816844417,386.48080623556007,382.6845706202122,386.36309814453125
2024-01-19,388.21708385271495,391.0716247558594,386.00014838920214,391.0716247558594
2024-01-22,392.3959014424087,392.98447186970276,386.088459710553,388.95281982421875
2024-01-23,388.2072839775827,391.7681035262422,386.42196470997874,391.2972412109375
2024-01-24,393.88696340305137,397.89900754206303,392.8177415608544,394.88751220703125
2024-01-25,396.6139369912538,399.25266977586887,394.85804481824994,397.1534423828125
2024-01-26,396.6630311468464,398.4287425690661,394.7600035777077,396.2314147949219
2024-01-29,398.3208248033987,402.16612596865383,396.6237864171102,401.91107177734375
2024-01-30,404.4025859669934,405.1775074959977,398.703323410596,400.8025207519531
2024-01-31,399.20363992935813,407.4043201802484,389.639467600293,390.0024108886719
2024-02-01,394.1714429462631,400.2238610760148,394.1420159186215,396.08428955078125
2024-02-02,396.113671921669,404.78518434173446,395.86843674032343,403.3824462890625
2024-02-05,402.08760781050484,403.32360273614995,396.290244380319,397.9186096191406
2024-02-06,398.1442695260025,400.1944322717671,395.23087405866585,397.7616882324219
2024-02-07,399.67453429921477,406.4037740259386,399.6352882839393,406.1585388183594
2024-02-08,406.15849214322577,407.63972220628386,404.6674730294275,406.21734619140625
2024-02-09,407.3356632361391,412.79951062359436,407.17870911735395,412.5346374511719
2024-02-12,412.54446380988065,412.7210259706923,406.8452001103824,407.3454895019531
2024-02-13,397.2221636270064,402.2543946406928,395.70171738557195,398.57586669921875
2024-02-14,401.03272774217567,402.7721928081846,397.5930862054174,402.42822265625
2024-02-15,401.10153638347543,402.07445398469247,397.31792461353893,399.54876708984375
2024-02-16,400.92465682975353,401.2489827226472,396.48261574205486,397.0919189453125
2024-02-20,396.28600214507156,397.5144455402651,391.1462141740097,395.8437805175781
2024-02-21,393.269037314301,395.3524728813638,390.3698983938528,395.2443542480469
2024-02-22,403.1162117164581,405.7106689082216,401.5241536683513,404.551025390625
2024-02-23,408.5016799323737,408.6883757427927,401.9172111140197,403.2635803222656
2024-02-26,404.3642838981377,405.05222425854834,400.3349831970826,400.51190185546875
2024-02-27,400.95415701072204,401.27848291877046,396.88556737137105,400.4529724121094
2024-02-28,401.1408405413653,402.24152110085487,398.33017625490425,400.68878173828125
2024-02-29,401.59293981884394,407.05705416129825,398.9198455368932,406.5067138671875
2024-03-01,404.1775917906704,408.6982702714908,403.7943329800158,408.33465576171875
2024-03-04,406.3101300793095,410.1527047870807,405.2094495475142,407.7646179199219
2024-03-05,406.8211614689715,407.1061687535314,393.7308905561475,395.7062072753906
2024-03-06,396.0206822488724,398.1729175476419,391.51967869638725,395.1558532714844
2024-03-07,399.11641162004844,402.713298120837,395.3033178435415,402.0843505859375
2024-03-08,400.9245831223799,403.3421811822811,397.3571789041796,399.214599609375
2024-03-11,396.7970720878644,398.68394443475927,394.34018518419236,397.5439453125
2024-03-12,400.5904729541975,408.4033849510457,399.77479973523793,408.1183776855469
2024-03-13,410.88979275530687,410.96839994406946,404.3544792559954,407.9415283203125
2024-03-14,412.99286375239626,420.4421618629372,410.7816654727546,417.8869934082031
2024-03-15,412.0592402980969,415.31215606424155,405.6713345351322,409.2387390136719
2024-03-18,407.10616562272253,413.4744273628243,406.6442696787311,410.12322998046875
2024-03-19,410.6243607307359,414.39816496544705,408.38368133647776,414.14263916015625
2024-03-20,414.72254166213037,418.61424242329224,413.4056537780831,417.8968505859375
2024-03-21,422.41748239432127,423.3904300401875,419.7935438740281,421.9654235839844
2024-03-22,422.2897797457437,422.44699413264203,418.72237476810477,421.3463134765625
2024-03-25,417.9066799433217,420.03927125139006,414.3392748930156,415.5677185058594
2024-03-26,418.2702713092194,418.6437229454669,414.0837561023913,414.3785705566406
2024-03-27,417.12039362795616,417.13023077184835,411.78404297935896,414.16229248046875
2024-03-28,413.70045116356334,414.59476162825587,411.89218593509474,413.464599609375
2024-04-01,416.6388658317179,420.5109217375922,414.93868940887074,417.2481689453125
2024-04-02,412.8650995128624,415.0959720756304,410.6342569413904,414.17218017578125
2024-04-03,412.49163417809825,415.9607570118389,411.86265678472216,413.19921875
2024-04-04,417.66092523693425,421.27748545517426,410.36890189824567,410.6735534667969
2024-04-05,412.76686502075876,419.15477140454254,411.1060069616712,418.18182373046875
2024-04-08,417.8378979159273,419.91149627913853,416.00012113110665,417.26788330078125
2024-04-09,419.0858942448859,420.3634632900146,414.3490096464137,418.92864990234375
2024-04-10,414.90926057255786,416.71752584552905,412.46221066374153,415.9608154296875
2024-04-11,418.4766034449177,421.9653705491401,415.07625067131136,420.5502014160156
2024-04-12,416.7371538463039,417.84767154999884,412.5309645735886,414.6242370605469
2024-04-15,419.2432078029309,419.4594150607099,406.30031376342345,406.5067138671875
2024-04-16,407.42067380289205,411.1846115754289,406.59516335126955,407.43048095703125
2024-04-17,410.054408065017,411.6563030616971,403.2537321874578,404.7377014160156
2024-04-18,403.54861503604855,404.78689570186344,396.98382006074763,397.29827880859375
2024-04-19,397.0624207324797,398.48742718931453,390.91036608589934,392.2370910644531
2024-04-22,393.18055056464544,395.90280071692837,388.9252352238132,394.0453796386719
2024-04-23,397.2688218184954,401.1605527245356,396.10917826173034,400.5414123535156
2024-04-24,402.4969925599919,405.3568121940371,399.7649358292137,402.005615234375
2024-04-25,387.2348968478242,392.99385593125254,381.3383676792714,392.15850830078125
2024-04-26,405.0620486762338,405.8777219430486,398.7625869715763,399.31292724609375
2024-04-29,398.2613746922827,399.31292950505053,392.30588312333157,395.3131103515625
2024-04-30,394.5662074998568,395.2246663994194,382.4586913890698,382.61590576171875
2024-05-01,385.83931510454033,394.79222617325195,383.5789912516123,388.129150390625
2024-05-02,390.80226783236736,393.0331103770738,387.84416635932274,390.9791564941406
2024-05-03,395.3425934548566,400.12860445610875,394.92982324925293,399.6470642089844
2024-05-06,401.71088030309346,406.7917060599517,399.36208182617884,406.408447265625
2024-05-07,407.50911609687097,407.5189532422579,402.03516456718575,402.2808532714844
2024-05-08,401.1310807635334,405.1210632585712,399.6962370156749,403.460205078125
2024-05-09,403.48965172941627,405.60256858412407,402.04500095122404,405.20947265625
2024-05-10,405.81879129865774,408.2167155386998,404.6984363706866,407.5877380371094
2024-05-13,410.8012920746048,411.13542506578466,403.73528354862395,406.58526611328125
2024-05-14,404.9145973369448,410.29026696650755,404.4527014093116,409.3763122558594
2024-05-15,411.433999213995,417.2525598208021,410.81374213755174,416.5338439941406
2024-05-16,415.2736611097877,418.8376756715858,413.84611435268135,414.4761962890625
2024-05-17,416.00224831627656,416.3763735645946,411.56201978291415,413.7082824707031
2024-05-20,413.7082502471213,420.1667475860199,413.49165301735496,418.7588806152344
2024-05-21,420.2257843102985,426.27079649896183,418.27643943862864,422.401611328125
2024-05-22,423.4353640639669,425.719474725285,420.5211715226864,423.85870361328125
2024-05-23,426.2708180980622,426.89107515061806,418.83764844643395,420.3931884765625
2024-05-24,420.58028575397856,424.3904021961967,417.8433006318776,423.50433349609375
2024-05-28,422.98250841239616,424.1540984130066,419.99939161518114,423.6618347167969
2024-05-29,419.1034664398289,424.27223522977,419.1034664398289,422.5296325683594
2024-05-30,417.7349716036768,417.7349716036768,407.8306281783295,408.2539978027344
2024-05-31,410.3018082986228,410.3018082986228,398.25120211572766,408.7068786621094
2024-06-03,409.10064418608687,409.98671278257075,402.59293289369214,407.1217346191406
2024-06-04,406.04859979558495,409.9965640062738,403.34114963612075,409.6322937011719
2024-06-05,411.3453811328119,417.5183569725432,409.8587351784671,417.449462890625
2024-06-06,417.44948005128595,418.7293536763162,414.0725281736093,417.9515686035156
2024-06-07,419.60560716420275,419.68435613947076,416.4551073364084,417.2919616699219
2024-06-10,418.12879037210877,421.45646767892094,417.33132559781046,421.2497253417969
2024-06-11,418.8967715885156,426.1231998343133,418.67031944713443,425.9853515625
2024-06-12,428.58450914389596,436.5394779500611,426.5465300525426,434.2356872558594
2024-06-13,434.02896428414414,436.52967260389505,432.5718527345657,434.7476501464844
2024-06-14,431.49865916361745,436.2834778568933,429.96279885352675,435.7222900390625
2024-06-17,435.7420189694067,443.96282953462116,433.9009573670922,441.4325866699219
2024-06-18,442.75181252074634,443.1751821409538,438.00641324566425,439.4339599609375
2024-06-20,439.3945864733692,439.62103860195157,434.442414629224,438.80389404296875
2024-06-21,440.45791031268766,443.6083802322018,439.60137620942794,442.8207702636719
2024-06-24,442.8404263927747,445.74479433203504,439.5028940256874,440.743408203125
2024-06-25,441.3144201727987,444.4353853435752,439.83762902888526,443.97265625
2024-06-26,442.05279974277113,446.5816317625772,441.25533495755695,445.1639099121094
2024-06-27,445.1836151073107,449.11190006347704,444.7799552473841,445.84326171875
2024-06-28,446.059848949654,448.3341049043701,439.50289267468526,440.0345458984375
2024-07-01,441.71806471797646,450.2932899171113,438.7644825324962,449.6632080078125
2024-07-02,446.18782328625804,452.4789376582484,446.09918938158694,452.1737365722656
2024-07-03,451.10061852531385,453.88681788882053,450.7954174304016,453.64068603515625
2024-07-05,452.498587816865,461.1033770377166,451.8685059547019,460.3255920410156
2024-07-08,459.33123257528905,460.46346308739743,457.2735739768986,459.0260314941406
2024-07-09,459.77428381745585,460.09916463101644,450.91353744838284,452.4297180175781
2024-07-10,454.0837171765978,459.24263100795065,451.76021694759896,459.035888671875
2024-07-11,455.81649732303464,457.5886345893225,444.5633265323156,447.66461181640625
2024-07-12,447.3003398715442,449.2989293786312,443.6772860929006,446.53240966796875
2024-07-15,446.2863044349352,450.18505497376174,444.4452428142979,446.93609619140625
2024-07-16,447.19204922721934,447.27079820143007,439.7490242805094,442.56475830078125
2024-07-17,435.74201993255645,437.96706168336215,432.38477757281146,436.6576232910156
2024-07-18,437.46491051123894,437.7701116080265,427.6787055457858,433.55633544921875
2024-07-19,426.39883667006126,434.3144456334854,425.31585048613374,430.3467712402344
2024-07-22,434.9543169670971,437.7208362299543,432.11887358350543,436.0865173339844
2024-07-23,437.0317279223722,441.4522765923751,436.24411798255437,437.967041015625
2024-07-24,433.6351033912307,434.64916540683873,420.9740654607642,422.2637939453125
2024-07-25,422.1653174889069,423.1498448431678,411.0500252919827,411.9262390136719
2024-07-26,411.72938578526725,422.28352110182095,410.8137524352177,418.6899719238281
2024-07-29,424.90231413559286,425.46350195400487,418.1287909882396,420.12738037109375
2024-07-30,421.1020622928212,422.4114705197089,410.90234276735913,416.3763427734375
2024-07-31,413.99371123434213,415.25390492046944,405.83197186769144,411.8769836425781
2024-08-01,414.2792724511176,420.84605305704525,406.69839983005807,410.65618896484375
2024-08-02,406.10769576372263,408.5788691410044,398.08380349930894,402.1695861816406
2024-08-05,383.1485258419234,394.8348607957488,379.61404618021845,389.0359802246094
2024-08-06,393.8109820824443,399.3932659734361,392.33419089963513,393.427001953125
2024-08-07,402.31724293574274,403.73493458005663,391.3200599759009,392.26519775390625
2024-08-08,396.2132187300544,399.58028569311574,393.7519001712231,396.4593505859375
2024-08-09,397.77859311198716,401.73638233312255,396.03599047899144,399.73779296875
2024-08-12,400.76172633567404,402.43543495594565,397.98535182009545,400.5155944824219
2024-08-13,403.2525628062739,408.5296451452922,403.23288307516907,407.60418701171875
2024-08-14,408.3819407203729,411.25677385836923,406.0683254390975,410.4100646972656
2024-08-15,414.0495331175792,415.34158622213624,411.9388626649199,415.2626953125
2024-08-16,414.8386210132459,415.56847485047064,411.58380640221424,412.73779296875
2024-08-19,413.22105614207504,415.9728470077707,410.75530126947416,415.755859375
2024-08-20,415.92356696995296,420.0265568174448,415.8643912576991,418.9810791015625
2024-08-21,418.27087232284174,420.5590998224222,415.9432144212139,418.330078125
2024-08-22,418.5470128895962,420.943749113419,408.93057044323126,409.8576965332031
2024-08-23,411.2681797994915,413.51694694228206,406.4451490290269,411.0807800292969
2024-08-26,410.6665125068156,411.5640508373135,405.7054152115458,407.8259582519531
2024-08-27,407.2045864016282,408.6840392458711,404.6303529004273,408.1711730957031
2024-08-28,409.1969570716752,409.3153084895278,401.7306441001557,404.9755859375
2024-08-29,409.25610570352524,416.268697643249,404.9755591436319,407.4610290527344
2024-08-30,409.90708149754283,411.7711764633265,406.4846126518204,411.4259948730469
2024-09-03,412.1854608426902,414.1284769320411,401.4544905684809,403.83148193359375
2024-09-04,400.34985575804666,405.6068322704441,398.8309422223781,403.29888916015625
2024-09-05,402.036335234427,407.4412799387572,400.5667551830583,402.7958068847656
2024-09-06,403.4566777506577,405.0248942566708,395.30981392110493,396.197509765625
2024-09-09,401.6616132591262,403.0523026786457,396.64133973593033,400.1624450683594
2024-09-10,402.6084940695935,410.62710415809914,402.11534306269766,408.52630615234375
2024-09-11,409.80848319257257,418.1821775855184,403.9695620775317,417.2452087402344
2024-09-12,417.51148327493246,421.51586685329676,414.00025068010603,421.15093994140625
2024-09-13,419.9969653323754,425.9147773030141,419.63203841011375,424.6917724609375
2024-09-16,424.70160374609685,427.5914610863902,422.3542004104568,425.43145751953125
2024-09-17,434.199669703098,435.79747386739723,426.34868538784633,429.1892395019531
2024-09-18,429.041298505566,430.05718819229855,424.5141766919007,424.90869140625
2024-09-19,435.18597071101885,435.45226137137865,430.91526689777044,432.6807556152344
2024-09-20,431.23091793236443,433.22323693457605,428.27201223229315,429.3076171875
2024-09-23,428.3311884542686,430.48131937501944,424.4944897103184,427.5717468261719
2024-09-24,427.0687217553129,427.4139334394583,420.2632446802758,423.29119873046875
2024-09-25,423.94215074360574,427.1870925626301,422.69943076362244,426.19091796875
2024-09-26,429.1301061037402,429.3372210826113,423.251754987828,425.4018859863281
2024-09-27,425.6089779793521,425.93447445668835,421.6144673905514,422.15692138671875
2024-09-30,422.3443029301565,424.5240516705587,419.54320931350645,424.4056701660156
2024-10-01,422.58108089859957,422.61066875300435,413.07311568923785,414.9273681640625
2024-10-02,416.7914652693021,417.0281982052677,411.00187763203274,411.4161376953125
2024-10-03,411.90926344701154,413.8029462214933,408.61501874387466,410.8341979980469
2024-10-04,412.5109097932594,414.00023534021534,409.28571331626097,410.36077880859375
2024-10-07,410.3015550074602,411.3963355742429,403.3974423030078,403.9300537109375
2024-10-08,405.2714281620606,409.9662346464486,402.5788433485802,409.02923583984375
2024-10-09,410.1635185105957,414.62162263212304,408.6248898614367,411.7416076660156
2024-10-10,409.54216908706456,411.63312440285347,407.49064417755886,410.143798828125
2024-10-11,410.4396603934482,411.4160895790265,407.58923364023417,410.6171875
2024-10-14,412.047300792356,418.2314324717677,411.80072533718436,413.3985595703125
2024-10-15,416.3969398711013,416.69284850861214,409.57174739931537,413.0040588378906
2024-10-16,409.4829531752425,410.65662468764714,404.85719508098555,410.419921875
2024-10-17,416.57450753710987,416.7126042679644,409.8972536844407,411.01177978515625
2024-10-18,411.4260201751563,413.90161766396704,410.5580696214905,412.4320373535156
2024-10-21,410.4199513395574,413.22104518863654,408.08242059822123,413.04351806640625
2024-10-22,412.75752809912296,424.6819160644371,412.3137102440662,421.65399169921875
2024-10-23,424.9580432083023,425.17503084101816,416.74216121867397,418.7838134765625
2024-10-24,419.5038054447286,420.1449258075998,416.61394788419994,418.91204833984375
2024-10-25,420.914242666979,426.5953216047658,420.72684288279277,422.2851867675781
2024-10-28,425.7470788183642,426.02324214447043,420.46048501920137,420.74652099609375
2024-10-29,422.1372070838931,427.23640107681365,419.96733089551304,426.0331115722656
2024-10-30,431.44794042425275,432.4934181148105,426.1810914644013,426.6051940917969
2024-10-31,409.6703426075015,410.4594021869807,400.7344498042727,400.7837829589844
2024-11-01,403.40736208449033,409.80845197934053,401.9180365381017,404.74871826171875
2024-11-04,404.18653972407174,404.7980722358363,400.01450160866744,402.8648986816406
2024-11-05,402.7761220934701,409.21667261639857,402.49008610038965,405.82379150390625
2024-11-06,406.77066424480597,414.69066771455005,404.8966664565658,414.4243469238281
2024-11-07,415.5092700597973,421.0029789570154,414.12845339700306,419.6024169921875
2024-11-08,419.4939629624982,420.65779206836214,416.00244554535874,416.7520446777344
2024-11-11,416.73235115938513,418.99099138923117,410.30167232323447,412.2841491699219
2024-11-12,412.52079883366196,418.626010434167,411.48519380527927,417.2353210449219
2024-11-13,415.8643474786666,423.4489813965326,412.4813090867046,419.3755798339844
2024-11-14,419.17835521776294,422.30494584048273,414.2468451563775,421.04248046875
2024-11-15,414.06929022111444,417.0084507566798,407.9739514183208,409.3153076171875
2024-11-18,409.18708769998454,412.6687324009395,406.4550421174999,410.0649108886719
2024-11-19,407.4511618868994,412.2150169012381,405.912533336808,412.06707763671875
2024-11-20,411.1596854793811,411.57394553855335,404.9558378403451,409.798583984375
2024-11-21,414.5818782779769,414.8585944158468,405.4798626489652,408.02960205078125
2024-11-22,406.547145598137,412.50644943843054,406.2407824115055,412.11114501953125
2024-11-25,413.4749606494442,416.14328803070504,409.9863472135053,413.8801574707031
2024-11-26,414.67080652096905,424.0100286609721,413.93949178519347,422.9723205566406
2024-11-27,420.12608556589345,422.22125646736464,417.07231569319254,418.03094482421875
2024-11-29,415.1649061905191,419.89875718802,412.9017454606376,418.4953918457031
2024-12-02,416.6275643373692,427.9235529659965,416.370602899235,425.92724609375
2024-12-03,424.80061260374794,427.3997836787713,422.72522667678595,426.1446838378906
2024-12-04,427.95320145991604,434.5153692878957,427.5578970490266,432.291748046875
2024-12-05,432.7859063083414,439.44687793021666,431.0564230401268,437.4307861328125
2024-12-06,437.1145598403157,440.87002757046025,436.5907746503493,438.36968994140625
2024-12-09,437.4110061952819,443.0738089240489,435.3356203613735,440.7908935546875
2024-12-10,439.1800467406791,444.34871163189086,436.42274787532307,438.1324462890625
2024-12-11,438.84401807874156,445.0701760009867,438.84401807874156,443.7261047363281
2024-12-12,443.8446923743848,450.81205740820604,443.8446923743848,444.2894287109375
2024-12-13,443.1825414368637,446.13747735633456,440.3560560775405,442.0262451171875
2024-12-16,442.02626356510217,446.8787030896928,440.0596036741231,446.2956237792969
2024-12-17,445.7224537683285,449.9522746519603,444.2993336430134,449.1319885253906
2024-12-18,446.0287948744165,447.34318887069384,431.89642797238076,432.2621154785156
2024-12-19,436.44249480171817,437.9842031344139,431.2046434354816,431.90631103515625
2024-12-20,428.03227991601136,438.5376604876813,423.6048219518138,431.48138427734375
2024-12-23,431.61970806424813,432.51904296318025,427.7555447705133,430.1471862792969
2024-12-24,429.5541964268554,434.4461751355928,429.09959787026054,434.1793212890625
2024-12-26,433.9322924323696,435.7705018127553,431.5110338839644,432.9736633300781
2024-12-27,429.5048044431988,430.1175308072659,421.35152651661633,425.4825134277344
2024-12-30,421.0649558192297,422.5374777077036,416.9537232035626,419.849365234375
2024-12-31,421.1044562623139,421.727075036825,415.72823181420273,416.5583801269531
2025-01-02,420.54116958363784,421.0748471756245,409.98638702094667,413.6726379394531
2025-01-03,416.1433125624827,419.0587393010629,414.62138898974536,418.38671875
2025-01-06,422.9822197752049,429.2281326887413,420.491774572373,422.833984375
2025-01-07,423.9704889084133,425.6011386030249,415.8666120215368,417.418212890625
2025-01-08,418.49544017357744,421.96429936103294,416.5979667184096,419.5825500488281
2025-01-10,419.651700779007,419.73074959963856,410.15435142162687,414.0382995605469
2025-01-13,410.3718299167744,413.5936202176339,407.4564330075351,412.2989807128906
2025-01-14,412.9116788431012,414.8190446806072,405.90480416806594,410.7967834472656
2025-01-15,414.2161660512409,423.1304056035061,413.3662329233126,421.3119812011719
2025-01-16,423.67398737859014,424.45470380326,419.4145196873236,419.6022644042969
2025-01-17,429.0007661773637,429.3862083308609,423.1501885882937,424.0000915527344
2025-01-21,425.15646110832375,425.84823639768683,420.61038425905997,423.47637939453125
2025-01-22,432.4301508467356,442.02630472978717,430.88844231911156,440.9688720703125
2025-01-23,436.81806704057095,441.5123788470024,436.3239289556834,441.47283935546875
2025-01-24,439.94102216929423,441.4135440071518,436.225094129831,438.8539123535156
2025-01-27,419.0389699284215,430.0977821935737,418.53493945291683,429.46527099609375
2025-01-28,429.5048071593075,443.1232508667098,426.32255685114393,441.95709228515625
2025-01-29,441.45306462654537,441.6408395030523,435.23679935643304,437.1441650390625
2025-01-30,413.86037732807745,417.9024230144378,408.31616280623206,410.12469482421875
2025-01-31,414.06793377994285,415.7578774765854,410.04564278987584,410.1938781738281
2025-02-03,406.774468051233,410.53979775772405,403.8689337668832,406.1024475097656
2025-02-04,407.8516865143663,409.0672770356713,404.9362598096777,407.5354309082031
2025-02-05,407.515689607161,408.97831905399164,405.5885389886856,408.4446716308594
2025-02-06,409.14636782700785,413.2971401442444,409.14636782700785,410.9450378417969
2025-02-07,411.59727657785896,413.7418190108213,403.31551731813784,404.9461669921875
2025-02-10,408.8597595122439,410.5892429521528,406.1024904859577,407.3872375488281
2025-02-11,404.83747842325164,407.65404147500567,404.50143797348676,406.6163635253906
2025-02-12,402.435914112503,405.93442005448907,399.6292135248499,404.2444763183594
2025-02-13,402.2283921851393,406.1814967766394,401.5958809737979,405.7268981933594
2025-02-14,403.0091510093491,404.1160155029715,401.1215398904841,403.6416320800781
2025-02-18,403.2167063843153,405.7862306432336,401.7342920226082,404.8374938964844
2025-02-19,403.09808061190597,410.61884763156144,402.8707662400353,409.90728759765625
2025-02-20,411.24417583261857,415.2250013636158,408.52096684547683,412.07598876953125
2025-02-21,413.27418223243296,413.97725680128366,403.91626425407014,404.2331237792969
2025-02-24,404.5302202614153,405.38182745676596,395.429748735741,400.06414794921875
2025-02-25,397.1923965138258,398.00441513588805,392.8352683816966,394.0235595703125
2025-02-26,394.13250979931917,399.66804717869115,390.40913086553707,395.83575439453125
2025-02-27,397.36068340902,401.7871363921192,388.34936280983527,388.7058410644531
2025-02-28,388.83460333794534,393.7561854578909,382.80393739721217,393.1224060058594
2025-03-03,394.93457905310964,394.93457905310964,382.3979130752632,384.7052001953125
2025-03-04,379.6648014174362,388.75535997703025,377.2881889484286,384.82403564453125
2025-03-05,385.54695570418704,397.7568509049982,385.02212029604283,397.1131591796875
2025-03-06,390.4387882624292,398.2321111971438,388.8543699652718,393.02337646484375
2025-03-07,388.49795642753014,390.95377648794664,381.7840095954452,389.4783020019531
2025-03-10,382.08104715568106,382.6355890788174,373.5450301742595,376.4563903808594
2025-03-11,375.30770541349494,382.23950999896846,373.2380702422645,376.74359130859375
2025-03-12,379.2192427611773,381.46711712441265,375.25821149680263,379.5361022949219
2025-03-13,379.4271716632625,381.5661320778761,373.7728082450696,375.0799255371094
2025-03-14,376.08007458561946,386.42827981726157,375.8127158813028,384.7745361328125
2025-03-17,382.9326924641042,388.88412112316473,381.813696346666,384.9132080078125
2025-03-18,383.2990634136601,383.5961286419255,377.38722360904,379.78363037109375
2025-03-19,381.7740797920575,385.8836435250732,380.2589866011294,384.0417785644531
2025-03-20,381.98206039861145,387.97313863322194,379.5460345045817,383.07135009765625
2025-03-21,379.4865916093534,387.92357710345186,379.07067004050685,387.4482727050781
2025-03-24,391.54789342681113,391.54789342681113,386.0123564410982,389.25048828125
2025-03-25,390.082331804945,392.49853282327706,388.8148031404558,391.31024169921875
2025-03-26,391.15183295239507,391.45881045430576,384.7844825194778,386.17083740234375
2025-03-27,386.3293044381274,388.41873402068063,383.6258895962636,386.77490234375
2025-03-28,384.2992097422753,385.3389984995421,373.2578420054409,375.109619140625
2025-03-31,368.91069951541476,373.3965667515317,363.66231432847826,371.7329406738281
2025-04-01,371.00006183577835,379.120187514209,369.59391274714585,378.46661376953125
2025-04-02,374.2877261088344,381.32844426453147,372.95087209109226,378.4171142578125
2025-04-03,371.13872318254886,373.80251903809335,365.7517184220645,369.4750671386719
2025-04-04,360.5825339787073,370.94062085342546,355.97784180916346,356.3343200683594
2025-04-07,347.4616469003483,367.3856281525139,341.43098078163547,354.3736267089844
2025-04-08,364.6723484414274,370.00982228854286,346.8377957272636,351.1058044433594
2025-04-09,350.0957251156184,389.39905670107095,349.66000929830324,386.68572998046875
2025-04-10,378.3379012524662,380.15997201946135,364.21681503291546,377.63482666015625
2025-04-11,376.9317086118959,386.25000705363004,375.1987576222842,384.6656188964844
2025-04-14,389.38915847164185,390.8052198187617,380.46692636349223,384.0318603515625
2025-04-15,384.7250528209778,388.07212889209285,380.41742551182244,381.9721374511719
2025-04-16,376.9614172312142,377.8922316795949,364.41483869971677,367.9896545410156
2025-04-17,370.10883089247193,370.6732850580017,363.31567729138493,364.1969909667969
2025-04-21,359.28536510699473,360.92919678600947,352.2050274305898,355.62139892578125
2025-04-22,359.83984897446516,364.1870645763753,356.3541225187108,363.246337890625
2025-04-23,372.3963282706759,376.68416126561135,369.38593623911186,370.74261474609375
2025-04-24,372.03979970687254,384.66558435456824,371.5347586504801,383.5267639160156
2025-04-25,383.2297451406492,388.33947870228997,380.8531326101871,388.0325012207031
2025-04-28,388.1414373128656,388.91383718504306,382.8732888048125,387.3492431640625
2025-04-29,387.48784509297593,391.2508426713115,386.5768248872523,390.201171875
2025-04-30,386.49757125114587,392.79562598704683,380.69467558939255,391.4092712402344
2025-05-01,426.91004003637113,432.7327609318022,420.7605473528486,421.25567626953125
2025-05-02,427.533877248033,435.1588741169636,425.80092616148227,431.0393981933594
2025-05-05,428.652877068793,435.2182909345157,427.9002714913439,431.9207458496094
2025-05-06,427.98939046931366,433.4655143471482,426.9694262460728,429.08856201171875
2025-05-07,429.61342097536215,433.8517229596541,426.9100064238295,429.1282043457031
2025-05-08,433.66356271096413,439.3476626606329,431.41568853142036,433.9012451171875
2025-05-09,435.7133964534002,436.4461774951318,431.6335394854884,434.4557800292969
2025-05-12,441.59557651706575,444.99215360101994,435.495584693897,444.88323974609375
2025-05-13,443.4176075446257,446.27946690563454,441.0211705280613,444.7643737792969
2025-05-14,443.7741186799948,449.4779827199474,443.7741186799948,448.52734375
2025-05-15,447.19799203765865,452.5750561297104,446.86068990284366,449.539306640625
2025-05-16,448.4678177382938,450.7595102326154,445.17414935289,450.67022705078125
2025-05-19,447.3070896149787,455.9480603525366,447.2277066057748,455.2337646484375
2025-05-20,451.9797648957129,454.70797307292094,450.71983965496236,454.5393371582031
2025-05-21,450.967885651573,454.1524403651085,448.22974686474834,448.9837341308594
2025-05-22,451.34489818162797,456.6028878213618,450.3032004241896,451.2555847167969
2025-05-23,446.4142434023006,450.0948358464348,445.3527151156796,446.6126403808594
2025-05-27,452.86273735527834,457.29731705224054,452.5055743512772,457.03936767578125
2025-05-28,457.56514563572654,458.8548319074409,453.309132497874,453.7357177734375
2025-05-29,457.89257129241645,458.0612374989779,451.702028016876,455.0453186035156
2025-05-30,456.07703188956276,458.02149174118404,451.93016282180776,456.7119445800781
2025-06-02,453.51752207653715,458.44810948050275,453.2695031394806,458.3092346191406
2025-06-03,457.81315604121755,460.46201137480375,457.20797414521616,459.30126953125
2025-06-04,460.3231275179124,461.9997378828715,459.35088242690273,460.19415283203125
2025-06-05,461.2755213187348,465.92835889810493,460.35289815926444,463.9739685058594
2025-06-06,466.3648774509946,469.58912358157227,465.0652606634985,466.652587890625
2025-06-09,465.9779957450024,469.67841894667356,464.90653697170796,469.0038146972656
2025-06-10,467.45617352695865,469.0534009468453,463.25968221899245,467.1883239746094
2025-06-11,466.29541399515057,471.7022387212418,465.93828127215454,468.87481689453125
2025-06-12,471.2557893550323,476.6130223697302,469.7676758011157,475.0752868652344
2025-06-13,472.6348110082228,475.3828499324856,469.0137405811006,471.1962890625
2025-06-16,471.44428961660435,476.8808754060361,471.23596219473825,475.3431701660156
2025-06-17,471.63279762120845,474.9463269378011,470.3232503868908,474.25189208984375
2025-06-18,474.2121778763568,477.1884049341582,470.70022147094187,476.4344177246094
2025-06-20,478.4087168746746,479.6289507141904,473.09117492174096,473.6169738769531
2025-06-23,474.42052531416374,483.884936234588,468.76571183115124,482.1488037109375
2025-06-24,485.07541514458467,487.9524285572733,482.9424282150726,486.2261962890625
2025-06-25,488.1409520653471,490.64097201284227,485.5119574284625,488.3691101074219
2025-06-26,489.0735074056833,494.09340820956044,488.9048412091741,493.5080871582031
2025-06-27,493.60726767719865,495.3434002058453,489.12309627390664,492.0100402832031
2025-06-30,493.101351114434,496.79187420420715,491.4048797426009,493.4684143066406
2025-07-01,492.53583641461546,494.10330273882704,487.08935037246306,488.1508483886719
2025-07-02,486.107196925814,489.5893925672679,484.82744098086494,487.198486328125
2025-07-03,489.89694493303733,496.16687121115365,489.52988173373706,494.8870849609375
2025-07-07,493.4386378219278,494.7977767455099,491.3056810299541,493.77593994140625
2025-07-08,493.2997134401056,494.25212791462184,490.1945116420166,492.68463134765625
2025-07-09,496.3354652236218,502.76412671878114,495.77990524850594,499.5200500488281
2025-07-10,499.0637004891913,500.4427003321828,493.80571105535574,497.50616455078125
2025-07-11,494.51996982276876,501.0279839194423,493.85526578992295,499.33154296875
2025-07-14,497.5458219138798,499.9764196247383,497.0597144820079,499.033935546875
2025-07-15,499.033906939414,504.27206541624594,498.805748905247,501.8117370605469
2025-07-16,501.1768265275145,502.70463167926073,497.9129190668174,501.61334228515625
2025-07-17,501.67285674255714,509.3019216630888,501.61333461976557,507.6451721191406
2025-07-18,510.4030974050004,510.5618634291492,503.40897568442307,506.0082092285156
2025-07-21,502.69469811942383,508.03210080948105,501.54388660874696,506.0181579589844
2025-07-22,506.92095727911294,507.1491456054249,501.26611328125,501.26611328125
2025-07-23,502.7343595827018,502.77405108780124,496.7323137246232,501.861328125
2025-07-24,504.73836945889843,509.59953458867506,503.28001689239056,506.8316650390625
2025-07-25,508.409026924469,514.1829150146133,506.3157616392057,509.6392517089844
2025-07-28,510.0063088656235,510.91900158393673,506.07766717141,508.4388122558594
2025-07-29,511.4448362580723,513.5182406496896,507.50626407616875,508.5082702636719
2025-07-30,511.08764202727673,511.86149016920456,505.4030674134904,509.1729431152344
2025-07-31,550.8301225339796,551.0484106553389,527.6850421089878,529.2723388671875
2025-08-01,530.7605061500977,531.5541546097426,516.7325410439772,519.956787109375
2025-08-04,524.0838536533402,533.9847498429226,523.9449485218581,531.3954467773438
2025-08-05,532.9231983823397,533.0422426180032,523.0619638515897,523.5679321289062
2025-08-06,526.6930052823053,527.4866537198485,519.8774501718309,520.7802124023438
2025-08-07,522.6254396329194,523.9052559727172,513.4487398823029,516.7127075195312
2025-08-08,518.4588193359411,520.5024931820143,515.2940949258492,517.9032592773438
2025-08-11,518.1611446296885,523.4092640243366,515.6015722772428,517.6353759765625
2025-08-12,519.5997169841131,526.7724058726347,518.5580494708657,525.0462036132812
2025-08-13,527.8933740196283,528.478725311786,515.2543395813665,516.4547729492188
2025-08-14,518.4190436500928,521.7821945996749,516.0182375574066,518.3396606445312
2025-08-15,518.6274679925785,521.9310366989816,514.9667059909838,516.0480346679688
2025-08-18,517.4567900842618,518.6770238166106,509.9467697824549,513.0023193359375
2025-08-19,510.919036073865,511.0777415589167,504.5201350651639,505.73046875
2025-08-20,505.8296325155463,506.9506829011106,500.44266872858867,501.7125244140625
2025-08-21,500.5200933584279,504.43529989468334,499.55619671725805,501.0666198730469
2025-08-22,501.07655468445085,507.51578439064156,499.248138173549,504.0378112792969
2025-08-25,503.44159720621536,504.9917771303553,500.9473838488724,501.0865173339844
2025-08-26,501.1858695359189,501.801993130018,495.3727099158942,498.8804931640625
2025-08-27,498.8407434548062,504.09746017877256,496.75395340313815,503.5509033203125
2025-08-28,503.89867767213724,507.87350408410515,502.3186878124423,506.4326477050781
2025-08-29,505.458793364042,506.39287997665497,501.3150235761296,503.5011901855469
2025-09-02,497.32034095368414,502.81553721257154,493.68337117589067,501.9410705566406
2025-09-03,500.6194673133705,504.5942937991858,499.1587173668126,502.1696472167969
2025-09-04,501.1262461318779,504.95202275876863,499.983489561643,504.7731628417969
2025-09-05,505.86622472604114,508.74796779288187,489.27131242222254,491.884765625
2025-09-08,494.97517595073856,498.04575600626316,491.91457299081776,495.06463623046875
2025-09-09,498.27429847652155,499.0891451753406,494.5677922273047,495.2733154296875
2025-09-10,499.81456783685906,500.06299449245154,493.5939546766565,497.2209777832031
2025-09-11,499.0891812108548,500.0034047018473,494.7466878610638,497.85699462890625
2025-09-12,503.4614629424367,509.32432605160386,500.67909648146514,506.6910095214844
2025-09-15,505.58800862213144,512.2259313574772,503.80926524972944,512.1166381835938
2025-09-16,513.6270820344445,513.9748550906477,505.3991924428879,505.83642578125
2025-09-17,507.4064717390096,508.07226852063866,502.74598524416496,506.81024169921875
2025-09-18,508.270998935228,509.84107240669834,504.4651158521554,505.2501525878906
2025-09-19,507.34685812925306,516.0318444319288,507.09843147001845,514.6704711914062
2025-09-22,512.3452424901319,514.48167541423,509.3143886623668,511.21240234375
2025-09-23,510.5664850795932,511.35155218118825,504.1173383670773,506.0252685546875
2025-09-24,507.16798604562155,509.2547456727144,503.72976965544393,506.9394226074219
2025-09-25,505.1010467430239,506.8003068435259,501.8615838862597,503.83905029296875
2025-09-26,506.849997214163,510.70558375978015,503.4316440082871,508.2411804199219
2025-09-29,508.28089264453985,513.5971983462931,505.6773863749633,511.3613586425781
2025-09-30,510.0099885223437,514.8990082310244,506.45253207823936,514.6903686523438
2025-10-01,511.56013673304216,517.2342231556227,508.4697238165545,516.4392700195312
2025-10-02,514.3823296081488,518.3173691617891,507.4661094259624,512.4942626953125
2025-10-03,513.8456285403139,517.2143082734997,511.75886906280147,514.0940551757812
2025-10-06,515.3461902238155,527.6880704621805,514.9387971845453,525.2435302734375
2025-10-07,524.9652461341774,526.4657528279373,518.1583800775612,520.682373046875
2025-10-08,519.9868090400763,523.6336952116123,519.7980023635643,521.546875
2025-10-09,519.0527457511332,521.0302122328587,514.1438325922749,519.1123657226562
2025-10-10,516.3697201998212,520.2849266906686,506.42270727517143,507.74432373046875
2025-10-13,513.159982800976,513.159982800976,508.45977013619586,510.8148498535156
2025-10-14,507.01894463812107,512.0371813139038,502.8155546768959,510.3379211425781
2025-10-15,511.71919177145384,513.93513816427,506.7903850161382,510.19879150390625
2025-10-16,509.3541552294708,513.597241245564,504.93214864922606,508.3902282714844
2025-10-17,505.8364332653001,512.235876086287,504.1173098719632,510.3478698730469
2025-10-20,511.37132460679527,515.4356111738924,510.19875812962454,513.53759765625
2025-10-21,514.2431942660954,515.4257076122852,509.81124074780416,514.4021606445312
2025-10-22,517.8703063443006,521.9245862885218,514.4519526367303,517.2640991210938
2025-10-23,519.1720024577996,520.6526156742948,515.3461954332505,517.283935546875
2025-10-24,519.499850577073,522.0437370421222,517.4329845218087,520.314697265625
2025-10-27,528.4333612309177,531.2157277722118,525.6807743511338,528.1749877929688
2025-10-28,546.5386557673307,550.2352153811122,537.366762825241,538.6585693359375
2025-10-29,541.510525937623,542.8321728172806,533.3521721804118,538.141845703125
2025-10-30,527.1414993194383,531.6032326010347,518.834126044735,522.4512329101562
2025-10-31,525.5515477587454,525.9887810857076,511.85824179468614,514.5512084960938
2025-11-03,516.5386570612455,521.6562706261378,511.35153740299523,513.7761840820312
2025-11-04,508.53933673798264,512.3054631947169,504.64399323613884,511.0931701660156
2025-11-05,510.06960470137113,511.5900049686576,503.39189488693165,503.96826171875
2025-11-06,502.47768369906356,502.51744045426454,492.6896676102462,493.9715576171875
2025-11-07,493.8225155697467,496.2372153715257,490.1457889557352,493.6933288574219
2025-11-10,496.8930687697553,503.66020845333964,495.66085193460816,502.8155517578125
2025-11-11,501.6230817360039,506.39289163210333,499.18851875070465,505.4786682128906
2025-11-12,506.15442128351987,508.449911619763,495.97887455805096,507.9232482910156
2025-11-13,507.098398329558,510.26832472026865,498.1351759673349,500.1225891113281
2025-11-14,495.09443251402297,508.38028442839277,494.30939583697693,506.9692077636719
2025-11-17,505.2501533046029,508.8970396915909,501.73242330739504,504.2961730957031
2025-11-18,492.2524466910109,499.8145698875434,483.71651040889276,490.6824035644531
2025-11-19,487.0156083775533,492.0735713081103,479.79134202204426,484.0543518066406
2025-11-20,490.525525238351,491.38172816347884,473.39183555424523,476.308837890625
2025-11-21,476.3785437287191,476.796695003642,466.19388806310616,470.0268249511719
2025-11-24,472.8940649877621,474.7856351712577,465.94500021095376,471.89849853515625
2025-11-25,471.9681767111092,477.0256407210385,462.82888433135173,474.8752136230469
2025-11-26,484.1539406114854,486.14507360501653,479.06661039650686,483.3475341796875
2025-11-28,485.4382224868377,490.44592067381114,484.49242217644115,489.82867431640625
2025-12-01,486.27447583839387,487.68816317334665,482.5012705124726,484.5820007324219
2025-12-02,484.56211884124775,491.312058367048,484.16389832530854,487.82757568359375
2025-12-03,474.2082166599713,482.09308589504883,473.0931871020635,475.6119689941406
2025-12-04,477.6329924690825,479.1860737742951,474.377470578239,478.70819091796875
2025-12-05,480.3807061976695,481.2568095233099,476.7568601661199,481.01788330078125
2025-12-08,482.74025101921535,490.11737199051475,482.2325023858298,488.8430480957031
2025-12-09,486.93155551686203,489.93815525049575,486.33420957194573,489.8385925292969
2025-12-10,481.88404333185355,482.10306917330496,472.9737111601482,476.43829345703125
2025-12-11,474.51683677020293,483.8751552220924,473.750231167373,481.3265075683594
2025-12-12,477.69270598810584,480.31105063829824,474.22812377070755,476.4084167480469
2025-12-15,477.97146396596463,478.588710310573,470.42505317808707,472.7148742675781
2025-12-16,469.8177748762136,475.7712732838117,468.79234263095657,474.2779235839844
2025-12-17,474.79560024235434,477.8718969329872,472.8940646732686,474.00909423828125
2025-12-18,476.06992080908344,487.4293375934554,475.7712630284666,481.8342590332031
2025-12-19,485.1992432324443,485.68709144559693,480.35083955461556,483.7656555175781
2025-12-22,483.9647726311972,486.5632169440421,480.5499868948874,482.7701110839844
2025-12-23,482.8298239351052,485.66716398872717,482.59086732909867,484.6915283203125
2025-12-24,483.5267014178325,486.99128356758627,482.680463867149,485.8563232421875
2025-12-26,484.5521325365998,485.9558848600665,483.8054577080926,485.5476989746094
2025-12-29,482.71034015280554,486.1848877649252,482.0333622504328,484.9404296875
2025-12-30,483.77557941756965,487.5089534635432,483.3474931520442,485.3187255859375
